date,eurusd,eu_business_confidence,eu_consumer_confidence,eu_consumer_credit_change,eu_consumer_spending,eu_core_inflation_rate,eu_current_account,eu_disposasble_personal_income,eu_exports,eu_gdp_yoy,eu_households_debt_to_gdp,eu_imports,eu_industrial_production,eu_inflation_rate,eu_interest_rate,eu_manufacturing_production,eu_money_supply_m2,eu_personal_savings_ratio,eu_ppi_change_yoy,eu_retail_sales_yoy,eu_unemployed_persons,eu_unemployment_rate,eu_wages,eu_youth_unemployment_rate,us_business_confidence,us_consumer_confidence,us_consumer_credit_change,us_consumer_spending,us_core_inflation_rate,us_current_account,us_disposasble_personal_income,us_exports,us_gdp_yoy,us_households_debt_to_gdp,us_imports,us_industrial_production,us_inflation_rate,us_interest_rate,us_manufacturing_production,us_money_supply_m2,us_personal_savings_ratio,us_ppi_change_yoy,us_retail_sales_yoy,us_unemployed_persons,us_unemployment_rate,us_wages,us_youth_unemployment_rate
01/02/2000 00:00,0.983807295,0.406666667,-0.2,444176.474,396.4046333,1,-0.273333333,369950.3333,74302.1,1.4,15.93333333,76805.1,5.6,1.9,3.25,5.6,4137846,4.236666667,3.8,3.7,13161,9.3,446,16.5,18.3,111.3,10.7,2684.966667,2.2,-31646.66667,2428.633333,86142,1.4,21.9,116071,4.6,3.2,5.75,4.7,4658.7,1.3,3.98,9,5858,4.1,4.613333333,9.9
01/03/2000 00:00,0.964674905,0.406666667,0.6,448524,396.4046333,0.9,-0.273333333,369950.3333,86628,1.4,15.93333333,87244.2,5.3,1.9,3.5,5.1,4148236,4.236666667,4.2,0.4,13029,9.2,446,16.2,18.3,107.1,12.3,2684.966667,2.4,-31646.66667,2428.633333,87368,1.4,21.9,118523,4.8,3.8,6,5.5,4689.6,1.3,4.35,9.8,5733,4,4.613333333,9.6
01/04/2000 00:00,0.944878335,0.416666667,1.6,451757.189,399.8926333,1,-2.09,375474.3333,72181.2,1.5,16,74533.7,5.4,1.7,3.75,5.7,4173291,4.253333333,3.9,3.7,12901,9.1,449.3333333,16,17.13333333,109.2,9.1,2710.733333,2.3,-32288.66667,2461.1,88855,1.766666667,22.03333333,117655,5.3,3.1,6,5.8,4742.9,1.4,3.64,7.4,5481,3.8,4.66,9.2
01/05/2000 00:00,0.905701026,0.416666667,2.2,453861.546,399.8926333,0.9,-2.09,375474.3333,87005.8,1.5,16,90645.5,7.1,1.7,3.75,7.7,4167949,4.253333333,4.5,4.4,12825,9,449.3333333,15.9,17.13333333,110.7,13,2710.733333,2.4,-32288.66667,2461.1,88017,1.766666667,22.03333333,117830,4.7,3.2,6.5,4.7,4733.6,1.4,3.7,6.5,5758,4,4.66,9.8
01/06/2000 00:00,0.94940706,0.416666667,1.4,456563,399.8926333,1,-2.09,375474.3333,83119.3,1.5,16,84966.7,4,2.1,4.25,5,4168646,4.253333333,4.8,3.2,12769,9,449.3333333,15.8,17.13333333,106.4,26,2710.733333,2.5,-32288.66667,2461.1,90771,1.766666667,22.03333333,121737,5,3.7,6.5,5.3,4750.8,1.4,4.45,7,5651,4,4.66,9.3
01/07/2000 00:00,0.939771995,0.386666667,2,460219.906,402.0244333,0.9,-4.106666667,379939,83145.1,1.3,16.06666667,81481.6,4,2,4.25,4.8,4184282,4.316666667,4.8,2.3,12714,8.9,453.3333333,15.8,16.56666667,108.3,20.2,2737.1,2.5,-34977.66667,2503.933333,90421,1.366666667,22.3,121848,4.2,3.7,6.5,4.9,4768.7,1.266666667,4.29,5.9,5747,4,4.71,9.3
01/08/2000 00:00,0.904449787,0.386666667,2.1,462866.274,402.0244333,0.9,-4.106666667,379939,77163.4,1.3,16.06666667,80841.9,8.5,2,4.5,8.6,4211140,4.316666667,4.8,0.2,12641,8.9,453.3333333,15.8,16.56666667,107.3,21.9,2737.1,2.6,-34977.66667,2503.933333,92424,1.366666667,22.3,122459,3.4,3.4,6.5,3.6,4796.7,1.266666667,3.37,4.9,5853,4.1,4.71,9.3
01/09/2000 00:00,0.872882494,0.386666667,-1.6,469264.025,402.0244333,1,-4.106666667,379939,86727.5,1.3,16.06666667,90478.5,4.3,2.5,4.5,5.2,4212073,4.316666667,5.5,4,12574,8.8,453.3333333,15.6,16.56666667,106.8,17.4,2737.1,2.6,-34977.66667,2503.933333,92347,1.366666667,22.3,126365,4.3,3.5,6.5,4.4,4832.3,1.266666667,3.49,6.2,5625,3.9,4.71,8.9
01/10/2000 00:00,0.853348327,0.343333333,-0.6,470791.137,402.2258,1.1,-1.593333333,386515,94841.6,1.133333333,16.2,97258.1,3.2,2.4,4.75,3.8,4223855,4.506666667,5.6,2.5,12433,8.7,456.6666667,15.4,14.63333333,105.8,15.6,2761.466667,2.5,-35570.66667,2519.333333,91511,0.966666667,22.56666667,124734,2.6,3.4,6.5,2.6,4848.7,1.166666667,3.7,5.8,5534,3.9,4.763333333,8.9
01/11/2000 00:00,0.855897012,0.343333333,-0.4,471715.453,402.2258,1.1,-1.593333333,386515,95157.6,1.133333333,16.2,98840.6,4.1,2.5,4.75,4.5,4228570,4.506666667,5.5,3.1,12346,8.6,456.6666667,15.2,14.63333333,107.6,16.4,2761.466667,2.6,-35570.66667,2519.333333,91388,0.966666667,22.56666667,123996,2.1,3.4,6.5,1.7,4859.6,1.166666667,3.78,4.2,5639,3.9,4.763333333,9.1
01/12/2000 00:00,0.901992939,0.343333333,0.5,475219.167,402.2258,1.6,-1.593333333,386515,85795.3,1.133333333,16.2,89189.4,6.5,2.5,4.75,7,4226809,4.506666667,4.7,3.4,12235,8.6,456.6666667,15,14.63333333,98.4,16,2761.466667,2.6,-35570.66667,2519.333333,90431,0.966666667,22.56666667,123885,1.1,3.4,6.5,0.5,4903.7,1.166666667,3.56,2.2,5634,3.9,4.763333333,9.2
01/01/2001 00:00,0.939642118,0.183333333,0.6,478466.454,406.3421,1.3,-0.256666667,392574.6667,81972.6,1.066666667,16.16666667,89438.6,4.5,2,4.75,5.6,4341758,4.47,4.4,4.3,12065,8.5,448,15,14.36666667,94.7,12.9,2773.133333,2.6,-35094.33333,2561.3,90331,0.766666667,22.56666667,125148,0.4,3.7,5.5,-0.2,4953.5,1.5,4.83,4,6023,4.2,4.806666667,9.6
01/02/2001 00:00,0.920567606,0.183333333,-0.5,477914.634,406.3421,1.2,-0.256666667,392574.6667,83491.7,1.066666667,16.16666667,83476.3,3.9,1.9,4.75,4.7,4365313,4.47,4.3,3.1,12013,8.4,448,15,14.36666667,90.6,18.9,2773.133333,2.7,-35094.33333,2561.3,90181,0.766666667,22.56666667,119530,-0.5,3.5,5.5,-1,4991.3,1.5,3.97,2.5,6089,4.2,4.806666667,9.6
01/03/2001 00:00,0.908687849,0.183333333,-0.2,477814.863,406.3421,1.5,-0.256666667,392574.6667,94714.5,1.066666667,16.16666667,92782,3.3,2.2,4.75,3.8,4384073,4.47,4,3.5,11968,8.4,448,14.9,14.36666667,91.5,11.8,2773.133333,2.7,-35094.33333,2561.3,88454,0.766666667,22.56666667,121186,-1.1,2.9,5,-1.9,5048.1,1.5,3,0.5,6141,4.3,4.806666667,9.8
01/04/2001 00:00,0.893308653,-0.036666667,-0.9,482099.888,407.6173,1.8,-1.23,396243.6667,83614.4,0.766666667,16.23333333,84802.1,0.8,2.7,4.75,0.6,4411753,4.443333333,4,2.7,11917,8.4,450,14.8,14.4,88.4,12.6,2780.266667,2.6,-31564.33333,2566.866667,86748,0.3,23.03333333,117966,-2.1,3.3,4.5,-2.9,5107.5,1.233333333,3.73,3.6,6271,4.4,4.85,10.2
01/05/2001 00:00,0.874787954,-0.036666667,-2.2,485212.333,407.6173,2,-1.23,396243.6667,90061.8,0.766666667,16.23333333,89536.3,0.3,3.1,4.5,0,4430119,4.443333333,3.6,2.1,11959,8.4,450,14.9,14.4,92,8.1,2780.266667,2.5,-31564.33333,2566.866667,87256,0.3,23.03333333,114702,-2.9,3.6,4,-3.4,5110,1.233333333,3.93,3.7,6226,4.3,4.85,9.9
01/06/2001 00:00,0.853760899,-0.036666667,-3,486977.291,407.6173,2,-1.23,396243.6667,91545.4,0.766666667,16.23333333,87732.2,1.6,2.8,4.5,1.6,4467195,4.443333333,3.2,3.4,11935,8.4,450,14.9,14.4,92.6,11.2,2780.266667,2.7,-31564.33333,2566.866667,85035,0.3,23.03333333,114175,-3.6,3.2,3.75,-4.3,5150.5,1.233333333,2.6,2.5,6484,4.5,4.85,10.4
01/07/2001 00:00,0.861392583,-0.3,-5.5,489617.557,409.2386333,1.9,-1.426666667,401166,92140,0.633333333,16.23333333,84797.6,-1.2,2.6,4.5,-1.3,4481827,4.626666667,2.3,2.2,11943,8.4,454.3333333,14.9,15.4,92.4,5,2790.4,2.7,-34403.66667,2622.066667,82833,0.166666667,23.46666667,112914,-4,2.7,3.75,-4.8,5180.1,2.1,1.37,2.5,6583,4.6,4.88,10.2
01/08/2001 00:00,0.901451203,-0.3,-8.5,488201.791,409.2386333,1.8,-1.426666667,401166,81407.3,0.633333333,16.23333333,77307.4,0.6,2.3,4.25,0.6,4499532,4.626666667,2,3.3,11984,8.4,454.3333333,15,15.4,91.5,9,2790.4,2.7,-34403.66667,2622.066667,83787,0.166666667,23.46666667,111958,-3.9,2.7,3.5,-4.6,5213.3,2.1,1.95,3.1,7042,4.9,4.88,11.2
01/09/2001 00:00,0.911785296,-0.3,-9,491011.763,409.2386333,2,-1.426666667,401166,82835.3,0.633333333,16.23333333,79459.1,-0.8,2.2,3.75,-1.2,4533493,4.626666667,1,2.3,12020,8.4,454.3333333,15.1,15.4,81.8,7.9,2790.4,2.6,-34403.66667,2622.066667,77367,0.166666667,23.46666667,108508,-4.6,2.6,3,-5.2,5324.1,2.1,1.58,-0.5,7142,5,4.88,10.8
01/10/2001 00:00,0.904879186,-0.336666667,-11.1,494112.171,409.0345,2.2,4.32,403121.6667,97315.5,0.4,16.3,88654.7,-2.1,2.2,3.75,-2.3,4552828,4.583333333,-0.1,0.8,12068,8.4,457,15.1,15.1,82.7,15.6,2833.033333,2.6,-28833,2598.766667,77883,0.066666667,23.93333333,108722,-4.8,2.1,2.5,-5.5,5310,1.266666667,-0.29,6.4,7694,5.3,4.916666667,11.5
01/11/2001 00:00,0.88833506,-0.336666667,-12.9,495925.884,409.0345,2.3,4.32,403121.6667,91042.5,0.4,16.3,85918.8,-3.9,2,3.25,-4.9,4586479,4.583333333,-0.8,1.9,12131,8.5,457,15.2,15.1,83.9,28,2833.033333,2.8,-28833,2598.766667,77999,0.066666667,23.93333333,107735,-5.3,1.9,2,-5.6,5353,1.266666667,-1.21,4,8003,5.5,4.916666667,11.6
01/12/2001 00:00,0.890861284,-0.336666667,-11.1,497076,409.0345,2.3,4.32,403121.6667,81839.9,0.4,16.3,75129.4,-4.3,2,3.25,-6.1,4615194,4.583333333,-0.5,2.1,12178,8.5,457,15.3,15.1,88.8,10,2833.033333,2.7,-28833,2598.766667,77780,0.066666667,23.93333333,104618,-5,1.6,1.75,-4.8,5405.7,1.266666667,-1.65,2.9,8258,5.7,4.916666667,12.2
01/01/2002 00:00,0.883119177,-0.24,-10.1,496374.912,409.4996333,2.4,3.246666667,405773,81245.8,0.166666667,16.33333333,81352.5,-2.8,2.6,3.25,-3.9,4647964,4.656666667,-0.5,-0.8,12178,8.5,460.3333333,15.3,17.46666667,93,-0.4,2841.533333,2.6,-34050,2669.266667,78920,0.466666667,24.16666667,108275,-3.8,1.1,1.75,-3.7,5425.9,1.766666667,-2.69,1.7,8182,5.7,4.94,12.1
01/02/2002 00:00,0.871121222,-0.24,-9.2,495672.769,409.4996333,2.5,3.246666667,405773,84387.9,0.166666667,16.33333333,78672,-3.2,2.5,3.25,-3.7,4654254,4.656666667,-0.7,1.2,12280,8.5,460.3333333,15.4,17.46666667,90.7,14.5,2841.533333,2.6,-34050,2669.266667,78880,0.466666667,24.16666667,111167,-3.2,1.1,1.75,-3.1,5455.6,1.766666667,-2.62,2.2,8215,5.7,4.94,11.8
01/03/2002 00:00,0.876325666,-0.24,-8.4,496941.237,409.4996333,2.6,3.246666667,405773,92624.6,0.166666667,16.33333333,83585.1,-2,2.5,3.25,-2.3,4663781,4.656666667,-0.5,1.2,12263,8.5,460.3333333,15.3,17.46666667,95.7,12.8,2841.533333,2.4,-34050,2669.266667,79601,0.466666667,24.16666667,110425,-2.1,1.5,1.75,-2.1,5466.4,1.766666667,-1.56,2.8,8304,5.7,4.94,12.5
01/04/2002 00:00,0.886314792,-0.156666667,-8.8,502660.526,410.2373667,2.4,1.766666667,409966,90490.6,0.3,16.46666667,87491,-0.6,2.3,3.25,-0.7,4696961,4.77,-0.5,0.8,12378,8.5,463.6666667,15.4,17.86666667,93,9.3,2856.033333,2.5,-37685.66667,2705.733333,81551,0.466666667,24.63333333,115217,-1.5,1.6,1.75,-1.7,5460.8,1.8,-2.12,2.9,8599,5.9,4.98,12.3
01/05/2002 00:00,0.916603374,-0.156666667,-7.2,504629.54,410.2373667,2.6,1.766666667,409966,91216.1,0.3,16.46666667,84053.9,-1.2,2,3.25,-1.6,4714858,4.77,-0.7,1.6,12441,8.6,463.6666667,15.4,17.86666667,96.9,10.7,2856.033333,2.5,-37685.66667,2705.733333,81724,0.466666667,24.63333333,115645,-0.4,1.2,1.75,-0.4,5494.4,1.8,-2.87,1.2,8399,5.8,4.98,11.6
01/06/2002 00:00,0.957457694,-0.156666667,-7.8,505640.371,410.2373667,2.5,1.766666667,409966,90523.1,0.3,16.46666667,81054.7,-0.9,1.9,3.25,-1.4,4734877,4.77,-0.8,0.3,12532,8.6,463.6666667,15.5,17.86666667,92.4,12.6,2856.033333,2.3,-37685.66667,2705.733333,82741,0.466666667,24.63333333,117641,1.1,1.1,1.75,1.4,5519.6,1.8,-2.25,2.5,8393,5.8,4.98,11.8
01/07/2002 00:00,0.992648304,-0.166666667,-9.5,508047.596,412.5468333,2.4,1.656666667,411606.3333,95790.1,0.4,16.53333333,82576.7,0.6,2,3.25,0.1,4762336,4.59,-0.4,1.5,12645,8.7,464.6666667,15.7,16.83333333,88.1,12,2876,2.2,-37631,2711.966667,83036,0.766666667,25.03333333,116686,1.5,1.5,1.75,1.5,5560.7,1.633333333,-1.21,3.9,8390,5.8,5.023333333,12.1
01/08/2002 00:00,0.97813991,-0.166666667,-11,509753.865,412.5468333,2.4,1.656666667,411606.3333,80594.7,0.4,16.53333333,73124.1,-1.1,2.1,3.25,-1.3,4785362,4.59,-0.2,1.7,12720,8.7,464.6666667,15.8,16.83333333,87.6,8.3,2876,2.4,-37631,2711.966667,83422,0.766666667,25.03333333,119165,1.7,1.8,1.75,2.2,5601.7,1.633333333,-1.49,4,8304,5.7,5.023333333,12
01/09/2002 00:00,0.980526909,-0.166666667,-9.8,513200.019,412.5468333,2.4,1.656666667,411606.3333,89580.8,0.4,16.53333333,81693.9,0,2.1,3.25,-0.2,4819871,4.59,0.1,1.6,12802,8.8,464.6666667,15.9,16.83333333,86.1,3.2,2876,2.2,-37631,2711.966667,82744,0.766666667,25.03333333,119263,2.2,1.5,1.75,2.6,5626.2,1.633333333,-1.77,4.5,8251,5.7,5.023333333,11.7
01/10/2002 00:00,0.980776259,-0.093333333,-13.1,513705.624,414.8314667,2.3,2.923333333,417917.6667,99306.8,0.4,16.73333333,91070.9,0.9,2.3,3.25,0.1,4852504,4.696666667,0.8,2.7,12853,8.8,468.3333333,16.1,17.2,80.6,6.5,2891.466667,2.2,-40898,2742.1,82028,0.666666667,25.63333333,117199,2.3,2,1.75,2.8,5670.1,1.5,0.72,-1.7,8307,5.7,5.07,11.8
01/11/2002 00:00,1.002104712,-0.093333333,-14.8,513680.297,414.8314667,2.3,2.923333333,417917.6667,92837.5,0.4,16.73333333,85290.4,2.3,2.3,3.25,3,4891705,4.696666667,1,0.2,12959,8.9,468.3333333,16.2,17.2,84.2,8,2891.466667,2,-40898,2742.1,83041,0.666666667,25.63333333,122665,3.4,2.2,1.25,3.6,5719.6,1.5,1.01,1.6,8520,5.9,5.07,12.1
01/12/2002 00:00,1.020499007,-0.093333333,-17.4,518853.485,414.8314667,2.2,2.923333333,417917.6667,84499,0.4,16.73333333,79126.4,-0.1,2.3,2.75,0.3,4914155,4.696666667,1.5,-0.7,13083,8.9,468.3333333,16.3,17.2,86.7,6.9,2891.466667,1.9,-40898,2742.1,81017,0.666666667,25.63333333,124311,2.8,2.4,1.25,2.7,5740.4,1.5,1.16,3.6,8640,6,5.07,12.1
01/01/2003 00:00,1.061914384,-0.22,-17.7,490424,414.4944,1.9,1.956666667,420091.6667,83435.1,0.266666667,16.76666667,85437,1.6,2.1,2.75,1.5,4920927,4.723333333,1.9,2.4,13167,9,467.6666667,16.8,15.43333333,82.4,10.5,2904.166667,1.9,-44638.66667,2772.233333,82110,0.533333333,25.93333333,122850,2.9,2.6,1.25,2.7,5772.3,1.533333333,2.47,4.1,8520,5.8,5.096666667,12
01/02/2003 00:00,1.078559815,-0.22,-19.3,485708,414.4944,1.9,1.956666667,420091.6667,84079,0.266666667,16.76666667,80487.7,1.7,2.4,2.75,0.2,4968677,4.723333333,2.6,1.3,13204,9,467.6666667,16.8,15.43333333,79.9,10.8,2904.166667,1.7,-44638.66667,2772.233333,82779,0.533333333,25.93333333,122142,3.2,3,1.25,2.8,5808.6,1.533333333,3.34,2.1,8618,5.9,5.096666667,12.1
01/03/2003 00:00,1.079708267,-0.22,-20.7,494647,414.4944,1.9,1.956666667,420091.6667,89112.4,0.266666667,16.76666667,87309.9,0.1,2.5,2.5,-0.6,5003160,4.723333333,2.4,0.2,13257,9,467.6666667,16.8,15.43333333,77.6,7.8,2904.166667,1.7,-44638.66667,2772.233333,82580,0.533333333,25.93333333,125935,2.1,3,1.25,2.2,5828.5,1.533333333,3.97,4.3,8588,5.9,5.096666667,12
01/04/2003 00:00,1.085442591,-0.253333333,-18.8,493993,415.2905,2,0.483333333,423049.6667,85833.6,0.133333333,16.96666667,84377.1,0.7,2.1,2.5,0.6,5051373,4.69,1.6,1.3,13245,9,469.6666667,17.1,16.33333333,86,12.9,2936.5,1.5,-42886.33333,2816.2,81429,0.666666667,26.53333333,123417,1,2.2,1.25,1.1,5859.5,1.633333333,2.38,2.4,8842,6,5.12,12.6
01/05/2003 00:00,1.157448309,-0.253333333,-18.6,494748,415.2905,1.8,0.483333333,423049.6667,84858.2,0.133333333,16.96666667,81696.1,-1.6,1.8,2.5,-1.5,5082692,4.69,1.2,0.2,13285,9,469.6666667,17.1,16.33333333,92.1,13.4,2936.5,1.6,-42886.33333,2816.2,82172,0.666666667,26.53333333,122951,0.5,2.1,1.25,0.7,5929.8,1.633333333,2.45,4,8957,6.1,5.12,12.9
01/06/2003 00:00,1.166667138,-0.253333333,-17.6,501875,415.2905,1.8,0.483333333,423049.6667,85662.8,0.133333333,16.96666667,79580.5,-1.7,1.9,2,-2,5096268,4.69,1.2,1,13378,9.1,469.6666667,17.3,16.33333333,89.7,5.8,2936.5,1.5,-42886.33333,2816.2,84632,0.666666667,26.53333333,124253,-0.3,2.1,1,0,5968.5,1.633333333,2.88,4.3,9266,6.3,5.12,13.2
01/07/2003 00:00,1.136838917,-0.166666667,-17.7,503553,417.178,1.6,0.99,428066.6667,92888.9,0.166666667,17.13333333,80806.6,0.6,1.9,2,0.7,5127078,4.74,1.2,0.2,13373,9.1,475,17.2,17.46666667,90.9,6.8,2979.8,1.5,-43286.66667,2857.133333,85373,1.066666667,27,126735,0.4,2.1,1,0.6,6013.4,1.5,3.03,4.3,9011,6.2,5.14,13
01/08/2003 00:00,1.113337927,-0.166666667,-16.9,487105,417.178,1.7,0.99,428066.6667,75715.9,0.166666667,17.13333333,69730,-1.4,2.1,2,-2.1,5157292,4.74,1.4,0,13374,9.1,475,17.2,17.46666667,89.3,9.1,2979.8,1.3,-43286.66667,2857.133333,84247,1.066666667,27,124049,0.2,2.2,1,-0.1,6070.2,1.5,3.53,5.2,8896,6.1,5.14,12.3
01/09/2003 00:00,1.125634477,-0.166666667,-16.7,477880,417.178,1.8,0.99,428066.6667,91258.5,0.166666667,17.13333333,84037.6,-1.5,2.2,2,-1.6,5167404,4.74,1.1,-0.1,13412,9.1,475,17.4,17.46666667,87.7,8,2979.8,1.2,-43286.66667,2857.133333,86224,1.066666667,27,127930,0.7,2.3,1,0.6,6042,1.5,3.52,6.1,8921,6.1,5.14,12.8
01/10/2003 00:00,1.170204429,0.006666667,-17.4,481195,418.2271667,1.8,3.083333333,430147.3333,98199.4,0.366666667,17.33333333,90257.6,1.2,2,2,1,5198754,4.733333333,1,1.1,13414,9.1,477.3333333,17.3,20.03333333,89.6,8.4,3002.933333,1.3,-42105.33333,2903.833333,88195,1.466666667,27.43333333,129466,1.1,2,1,1.1,6032.3,1.6,3.41,5.2,8732,6,5.156666667,12.2
01/11/2003 00:00,1.172622949,0.006666667,-16.2,479003,418.2271667,1.7,3.083333333,430147.3333,88599.1,0.366666667,17.33333333,84340.3,0.5,2.2,2,0.2,5214771,4.733333333,1.4,-0.6,13436,9.1,477.3333333,17.4,20.03333333,93.7,0.9,3002.933333,1.1,-42105.33333,2903.833333,90513,1.466666667,27.43333333,130355,1.4,1.8,1,1.7,6037.2,1.6,3.44,5.9,8576,5.8,5.156666667,12.1
01/12/2003 00:00,1.231123574,0.006666667,-16.4,484489,418.2271667,1.6,3.083333333,430147.3333,89146.4,0.366666667,17.33333333,83930.6,2,2,2,2.1,5241218,4.733333333,1,0.4,13539,9.1,477.3333333,17.5,20.03333333,92.6,11,3002.933333,1.1,-42105.33333,2903.833333,90164,1.466666667,27.43333333,134228,1.9,1.9,1,2,6035.2,1.6,3.96,4.6,8317,5.7,5.156666667,11.7
01/01/2004 00:00,1.260910793,-0.033333333,-15,481240,420.9429333,1.7,4.273333333,436433.3333,81123.5,0.633333333,17.33333333,80684.2,0.5,1.9,2,0.3,5256159,4.686666667,0.2,2,13649,9.2,479.3333333,17.7,20.2,103.8,10.9,3032.133333,1.1,-45687.33333,2946.3,90056,1.466666667,27.46666667,134408,1.5,2,1,1.5,6043.3,1.5,3.27,4.7,8370,5.7,5.186666667,12
01/02/2004 00:00,1.263563337,-0.033333333,-14.8,481419,420.9429333,1.8,4.273333333,436433.3333,86960.5,0.633333333,17.33333333,81035.3,1.1,1.6,2,1.5,5279869,4.686666667,-0.1,0.8,13698,9.2,479.3333333,17.9,20.2,94.4,7.1,3032.133333,1.2,-45687.33333,2946.3,93882,1.466666667,27.46666667,138204,1.8,1.7,1,2.1,6083.4,1.5,2.11,7,8167,5.6,5.186666667,11.7
01/03/2004 00:00,1.224999056,-0.033333333,-14.2,484545,420.9429333,1.8,4.273333333,436433.3333,101480.7,0.633333333,17.33333333,92448.1,1.4,1.7,2,1.1,5321738,4.686666667,0.2,1.7,13788,9.3,479.3333333,18.3,20.2,95.8,14.4,3032.133333,1.6,-45687.33333,2946.3,96519,1.466666667,27.46666667,143003,1.5,1.7,1,1.8,6118.6,1.5,1.46,6.9,8491,5.8,5.186666667,12
01/04/2004 00:00,1.200082396,0.123333333,-13.6,489339,422.0099,1.8,1.55,440302.6667,95241.1,0.8,17.63333333,90250.1,2,2,2,2.1,5339826,4.706666667,1.3,2.2,13771,9.3,482.6666667,18.4,20.16666667,94.2,3,3051.833333,1.8,-52080,2996.066667,95754,1.4,27.86666667,143232,2.7,2.3,1,3.1,6153.1,1.666666667,3.66,6.1,8170,5.6,5.223333333,11.6
01/05/2004 00:00,1.201561434,0.123333333,-14.7,489732,422.0099,1.8,1.55,440302.6667,93474.7,0.8,17.63333333,86902.7,3.9,2.5,2,3.8,5354614,4.706666667,2.4,0.5,13814,9.3,482.6666667,18.4,20.16666667,90.2,8.1,3051.833333,1.7,-52080,2996.066667,97259,1.4,27.86666667,145428,3.5,3.1,1,3.8,6240.4,1.666666667,4.86,7.6,8212,5.6,5.223333333,12.1
01/06/2004 00:00,1.213437968,0.123333333,-13.5,502197,422.0099,1.9,1.55,440302.6667,100830.5,0.8,17.63333333,93636.6,3.6,2.4,2,3.8,5387041,4.706666667,2.5,2.1,13775,9.2,482.6666667,18.5,20.16666667,95.6,7.2,3051.833333,1.9,-52080,2996.066667,94853,1.4,27.86666667,149555,2.5,3.3,1.25,2.6,6244.8,1.666666667,3.99,5.1,8286,5.6,5.223333333,12
01/07/2004 00:00,1.226700448,0.143333333,-14.1,503950,422.6965,1.9,0.58,443563.3333,101463.6,0.733333333,17.76666667,89134.5,2.8,2.3,2,3,5416917,4.74,2.9,1.8,13769,9.2,482.6666667,18.3,19.13333333,96.7,9.1,3081,1.8,-53006.33333,3021.966667,96474,1.133333333,28.16666667,147767,2.8,2.9,1.25,3.3,6255.7,1.3,3.85,5.2,8136,5.5,5.26,12.1
01/08/2004 00:00,1.219083063,0.143333333,-14,504824,422.6965,1.9,0.58,443563.3333,85527.1,0.733333333,17.76666667,84101.9,2.7,2.3,2,3.1,5441446,4.74,3.1,1.2,13769,9.2,482.6666667,18.2,19.13333333,95.9,6.3,3081,1.7,-53006.33333,3021.966667,96909,1.133333333,28.16666667,150225,3.1,2.7,1.5,4.2,6280.3,1.3,3.34,3.6,7990,5.4,5.26,11.5
01/09/2004 00:00,1.221994936,0.143333333,-13.2,507511,422.6965,1.9,0.58,443563.3333,97823.3,0.733333333,17.76666667,96439,3.8,2.1,2,3.7,5482590,4.74,3.3,1.2,13848,9.3,482.6666667,18.2,19.13333333,94.2,16.7,3081,2,-53006.33333,3021.966667,98277,1.133333333,28.16666667,149765,2.6,2.5,1.75,3.3,6314.8,1.3,3.26,6.1,7927,5.4,5.26,11.7
01/10/2004 00:00,1.251119274,0.136666667,-14.4,509318,426.2308667,1.9,4.926666667,446636,101375.5,0.6,17.96666667,97598.2,2,2.4,2,2.3,5514834,4.563333333,4,0.1,13844,9.2,484.3333333,18.2,19.06666667,91.7,16.6,3112.6,2,-59757.33333,3152.5,99773,1.033333333,28.63333333,154734,3.4,3.2,1.75,4.3,6342.4,2.1,4.47,7.2,8061,5.5,5.29,12.1
01/11/2004 00:00,1.301724558,0.136666667,-13.9,509874,426.2308667,1.9,4.926666667,446636,101895.1,0.6,17.96666667,100689.4,1,2.2,2,0.5,5547085,4.563333333,3.7,2.2,13899,9.3,484.3333333,18.3,19.06666667,92.8,7,3112.6,2.2,-59757.33333,3152.5,99533,1.033333333,28.63333333,158352,2.8,3.5,2,3.1,6369.4,2.1,4.98,6.3,7932,5.4,5.29,11.5
01/12/2004 00:00,1.339615482,0.136666667,-14.1,515442,426.2308667,1.9,4.926666667,446636,98279.5,0.6,17.96666667,93658.1,0.9,2.4,2,0.2,5572163,4.563333333,3.7,2.3,13830,9.2,484.3333333,18.2,19.06666667,97.1,8.5,3112.6,2.2,-59757.33333,3152.5,102259,1.033333333,28.63333333,156760,3.6,3.3,2.25,4,6388.4,2.1,4.22,8,7934,5.4,5.29,11.7
01/01/2005 00:00,1.311839401,-0.026666667,-12.9,515108,427.5248,1.6,2.25,449141.3333,87286.7,0.466666667,18.06666667,90211.1,1.3,1.9,2,2.1,5624589,4.526666667,4.3,1.9,13778,9.2,488.6666667,18.3,18.4,95.5,4.5,3136.4,2.3,-56502.66667,3078.033333,103059,1.2,28.66666667,158620,3.8,3,2.25,4.9,6393.4,0.966666667,4.13,6.4,7784,5.3,5.323333333,11.6
01/02/2005 00:00,1.301502844,-0.026666667,-14.1,514788,427.5248,1.5,2.25,449141.3333,91159.4,0.466666667,18.06666667,88916,0.5,2.1,2,0.1,5655993,4.526666667,4.3,1.5,13856,9.2,488.6666667,18.5,18.4,94.1,14.8,3136.4,2.4,-56502.66667,3078.033333,103867,1.2,28.66666667,161321,3.9,3,2.5,4.9,6403.1,0.966666667,4.68,6.9,7980,5.4,5.323333333,12.4
01/03/2005 00:00,1.318989594,-0.026666667,-14.3,519304,427.5248,1.6,2.25,449141.3333,102873.1,0.466666667,18.06666667,100759.8,0.7,2.1,2,0.6,5685303,4.526666667,4.4,2,13832,9.2,488.6666667,18.3,18.4,92.6,8.6,3136.4,2.3,-56502.66667,3078.033333,104805,1.2,28.66666667,157424,4.3,3.1,2.75,4.6,6412.9,0.966666667,4.99,5.2,7737,5.2,5.323333333,11.8
01/04/2005 00:00,1.293575322,-0.073333333,-13.2,522923,429.9804,1.4,1.816666667,453622,101053.4,0.5,18.4,101490.9,1.4,2.1,2,1.3,5717500,4.443333333,4.3,0.1,13938,9.2,490.6666667,18.5,17.46666667,87.7,12.3,3170.5,2.2,-59784.66667,3119.366667,106865,1.133333333,29.06666667,163980,3.9,3.5,2.75,4.5,6419.9,0.766666667,4.82,7.5,7672,5.2,5.36,11.8
01/05/2005 00:00,1.26873872,-0.073333333,-14.2,527479,429.9804,1.6,1.816666667,453622,100734.2,0.5,18.4,99933.7,0.1,2,2,-0.1,5763246,4.443333333,3.5,1.1,13872,9.2,490.6666667,18.4,17.46666667,86.9,0.1,3170.5,2.2,-59784.66667,3119.366667,106231,1.133333333,29.06666667,162495,3.3,2.8,3,4.1,6445.7,0.766666667,3.63,4.9,7651,5.1,5.36,11.7
01/06/2005 00:00,1.216571874,-0.073333333,-14.5,538743,429.9804,1.4,1.816666667,453622,108053.7,0.5,18.4,102970.5,0.9,2.1,2,0.4,5827000,4.443333333,4.1,1.7,13881,9.2,490.6666667,18.5,17.46666667,96,15.2,3170.5,2,-59784.66667,3119.366667,106314,1.133333333,29.06666667,164574,4.6,2.5,3.25,5,6480.8,0.766666667,3.7,9.2,7524,5,5.36,11.1
01/07/2005 00:00,1.204570825,0.006666667,-14.9,540558,432.3483,1.3,0.76,457011,104990.2,0.666666667,18.6,99923.6,0.9,2.2,2,0.4,5881695,4.29,4.2,2.3,13759,9.1,495,18.4,18.93333333,96.5,9.4,3195.066667,2.1,-62136.66667,3172.566667,106679,1.1,29.5,164742,3.4,3.2,3.25,3.7,6509.9,0.766666667,4.71,8.8,7406,5,5.396666667,10.7
01/08/2005 00:00,1.230732644,0.006666667,-14.6,542040,432.3483,1.3,0.76,457011,98132.4,0.666666667,18.6,101763.5,2.3,2.2,2,2.9,5918053,4.29,4,4.2,13674,9,495,18.3,18.93333333,89.1,9.8,3195.066667,2.1,-62136.66667,3172.566667,107997,1.1,29.5,166385,3.6,3.6,3.25,3.6,6537.6,0.766666667,5.25,7.6,7345,4.9,5.396666667,11.1
01/09/2005 00:00,1.226387439,0.006666667,-14.4,546215,432.3483,1.3,0.76,457011,110800,0.666666667,18.6,111119.2,1.8,2.6,2,1.9,5973225,4.29,4.3,2.2,13730,9,495,18.3,18.93333333,76.9,4.6,3195.066667,2,-62136.66667,3172.566667,106885,1.1,29.5,171808,1.6,4.7,3.75,2.6,6573.3,0.766666667,6.86,5.9,7553,5,5.396666667,10.8
01/10/2005 00:00,1.203263087,0.12,-13.6,550282,434.2825667,1.4,2.5,461758.3333,108812.4,0.733333333,18.86666667,110290.9,1.1,2.5,2,1.4,6003573,4.34,4.2,1.9,13716,9,499,18.2,18.36666667,74.2,5.2,3207.1,2.1,-69987,3224.8,109388,1,29.83333333,176528,1.9,4.3,3.75,3.1,6607.4,0.933333333,5.86,5.4,7453,5,5.453333333,10.8
01/11/2005 00:00,1.17734913,0.12,-13.8,551603,434.2825667,1.4,2.5,461758.3333,113171.5,0.733333333,18.86666667,117114.7,3.6,2.3,2,4.1,6031197,4.34,4.1,0.5,13634,8.9,499,17.9,18.36666667,81.6,6.8,3207.1,2.1,-69987,3224.8,110656,1,29.83333333,174746,2.7,3.5,4,4,6626.4,0.933333333,4.35,5.9,7566,5,5.453333333,11.1
01/12/2005 00:00,1.185402732,0.12,-11.7,555535,434.2825667,1.3,2.5,461758.3333,109374.8,0.733333333,18.86666667,112622.1,3.1,2.2,2.25,3.4,6090153,4.34,4.5,0.7,13572,8.9,499,17.8,18.36666667,91.5,7.3,3207.1,2.2,-69987,3224.8,113277,1,29.83333333,177643,2.6,3.4,4.25,3.4,6654.1,0.933333333,5.38,4.7,7279,4.9,5.453333333,10.5
01/01/2006 00:00,1.210981507,0.25,-10.8,555994,436.9062333,1.2,1.3,465876,101446.8,1,19,112544.7,2.8,2.4,2.25,2.3,6127578,4.243333333,5.2,1.5,13465,8.8,500.6666667,17.7,18.1,91.2,76.5,3243.066667,2.1,-66067.66667,3309.433333,115061,1.066666667,30.23333333,181741,2.3,4,4.5,3.5,6693.9,1.266666667,5.61,8.6,7064,4.7,5.513333333,10.4
01/02/2006 00:00,1.193475899,0.25,-10.9,557288,436.9062333,1.2,1.3,465876,105454.6,1,19,109860.9,3.3,2.3,2.25,3.6,6180699,4.243333333,5.6,2.1,13419,8.8,500.6666667,17.8,18.1,86.7,7.5,3243.066667,2.1,-66067.66667,3309.433333,115652,1.066666667,30.23333333,178503,1.6,3.6,4.5,2.4,6720.7,1.266666667,3.88,6.5,7184,4.8,5.513333333,10.8
01/03/2006 00:00,1.202961339,0.25,-11.5,558440,436.9062333,1.3,1.3,465876,122828,1,19,124245.7,4,2.2,2.5,4,6221962,4.243333333,5.4,1.3,13297,8.7,500.6666667,17.5,18.1,88.9,10.8,3243.066667,2.1,-66067.66667,3309.433333,118272,1.066666667,30.23333333,180846,2,3.4,4.75,2.8,6737.3,1.266666667,3.58,6.8,7072,4.7,5.513333333,10.5
01/04/2006 00:00,1.226620186,0.423333333,-10.5,562757,439.0815333,1.5,1,471392,106721.3,1.133333333,19.23333333,111692.4,2.6,2.5,2.5,2.9,6292041,4.236666667,5.7,2.4,13155,8.6,505.3333333,17.4,17.33333333,87.4,11.9,3260.333333,2.3,-67449,3338.7,118672,0.966666667,30.6,181516,2.3,3.5,4.75,3,6764.5,1.133333333,4.08,6.1,7120,4.7,5.573333333,10.3
01/05/2006 00:00,1.277928512,0.423333333,-8.8,570326,439.0815333,1.4,1,471392,115776.8,1.133333333,19.23333333,122448.8,6.2,2.5,2.5,6.8,6319479,4.236666667,6.1,2.7,13017,8.5,505.3333333,17.3,17.33333333,79.1,9.5,3260.333333,2.4,-67449,3338.7,120599,0.966666667,30.6,185444,1.9,4.2,5,2.2,6780.2,1.133333333,4.47,6.6,6980,4.6,5.573333333,10
01/06/2006 00:00,1.2653738,0.423333333,-8.9,577586,439.0815333,1.4,1,471392,117931.2,1.133333333,19.23333333,119369.3,5.1,2.5,2.75,5.4,6359408,4.236666667,5.7,2.5,12806,8.4,505.3333333,16.9,17.33333333,84.9,-11.4,3260.333333,2.6,-67449,3338.7,122053,0.966666667,30.6,185534,1.9,4.3,5.25,2.3,6818.9,1.133333333,4.93,4,7001,4.6,5.573333333,10.4
01/07/2006 00:00,1.269333318,0.41,-8.1,581023,440.3482667,1.5,0.196666667,477215.3333,113321.4,1.1,19.3,114372.7,4,2.4,2.75,4.4,6369786,4.326666667,5.9,2.6,12696,8.3,508.6666667,16.8,17.4,84.7,7.3,3279.366667,2.7,-71923,3371.933333,119803,0.733333333,31,186328,2.2,4.1,5.25,2.4,6858,1,3.99,3.6,7175,4.7,5.623333333,10.9
01/08/2006 00:00,1.280557397,0.41,-8.7,581511,440.3482667,1.4,0.196666667,477215.3333,106632.4,1.1,19.3,113633.6,6.4,2.3,3,7,6411893,4.326666667,5.7,2.8,12646,8.2,508.6666667,16.9,17.4,82,12.6,3279.366667,2.8,-71923,3371.933333,122321,0.733333333,31,190144,2.3,3.8,5.25,2.6,6880.7,1,3.84,5.1,7091,4.7,5.623333333,10.7
01/09/2006 00:00,1.272895607,0.41,-8.1,584383,440.3482667,1.5,0.196666667,477215.3333,120827.3,1.1,19.3,120822.7,4.3,1.7,3,4.9,6476587,4.326666667,4.6,2.1,12571,8.2,508.6666667,16.9,17.4,85.4,11.1,3279.366667,2.9,-71923,3371.933333,123562,0.733333333,31,188497,4.1,2.1,5.25,3.7,6911.6,1,0.88,4.4,6847,4.5,5.623333333,10.6
01/10/2006 00:00,1.262037463,0.47,-8.4,585945,444.3523667,1.5,3.38,482966.3333,126748.3,1.233333333,19.46666667,125687.8,3.9,1.6,3.25,4.4,6504657,4.396666667,3.8,2.1,12502,8.1,514,16.8,17.13333333,93.6,2.6,3312.8,2.7,-63214.66667,3418,125646,0.8,31.13333333,184636,2.7,1.3,5.25,1.8,6960.9,1,-1.24,4.1,6727,4.4,5.683333333,10.6
01/11/2006 00:00,1.288850882,0.47,-7.9,586847,444.3523667,1.5,3.38,482966.3333,129244.1,1.233333333,19.46666667,126093.1,3.2,1.9,3.25,4,6559686,4.396666667,4.1,2.5,12423,8,514,16.7,17.13333333,92.1,11.4,3312.8,2.6,-63214.66667,3418,127445,0.8,31.13333333,186020,1.6,2,5.25,1.1,7000.8,1,0.95,3.4,6872,4.5,5.683333333,10.6
01/12/2006 00:00,1.319726322,0.47,-6.8,588130,444.3523667,1.6,3.38,482966.3333,116522.9,1.233333333,19.46666667,116102.4,5.2,1.9,3.5,6.8,6661971,4.396666667,3.8,2.6,12243,7.9,514,16.5,17.13333333,91.7,16,3312.8,2.6,-63214.66667,3418,128557,0.8,31.13333333,190149,2.1,2.5,5.25,2.4,7046,1,1.13,4.8,6762,4.4,5.683333333,10
01/01/2007 00:00,1.298195259,0.486666667,-6.3,588427.792,444.4584667,1.7,5.163333333,486080,113034.9,1.2,19.5,122220.5,4,1.8,3.5,6.2,6708456,4.323333333,2.7,1.8,12167,7.9,514.3333333,16.3,16.9,96.9,1.2,3330.233333,2.7,-65947.33333,3474.433333,130079,0.4,31.26666667,187734,1.5,2.1,5.25,1.1,7079.3,1.2,0.13,1.7,7116,4.6,5.74,10.3
01/02/2007 00:00,1.308010556,0.486666667,-5.5,586666.396,444.4584667,1.9,5.163333333,486080,115675.8,1.2,19.5,119630.4,4.6,1.8,3.5,6.3,6745460,4.323333333,2.5,2.3,11988,7.8,514.3333333,15.8,16.9,91.3,12.1,3330.233333,2.7,-65947.33333,3474.433333,128399,0.4,31.26666667,186877,2.5,2.4,5.25,1.8,7098.5,1.2,2.41,2.6,6927,4.5,5.74,9.9
01/03/2007 00:00,1.324699494,0.486666667,-5.3,591534.413,444.4584667,1.9,5.163333333,486080,131530.1,1.2,19.5,126669.7,4.7,1.9,3.75,6.2,6821125,4.323333333,2.3,3.3,11839,7.7,514.3333333,15.7,16.9,88.4,14.4,3330.233333,2.5,-65947.33333,3474.433333,133133,0.4,31.26666667,194930,2.5,2.8,5.25,2.7,7135.8,1.2,3.14,3.3,6731,4.4,5.74,10
01/04/2007 00:00,1.351876888,0.5,-4.4,594911.909,447.5890667,1.9,3.276666667,490062.3333,118605.9,1.033333333,19.6,119810.8,3.1,1.9,3.75,4,6851190,4.206666667,1.8,2.5,11684,7.6,517,15.6,17.53333333,87.1,9.3,3341.533333,2.3,-62448,3491.633333,132458,0.566666667,31.5,192972,2.8,2.6,5.25,2.9,7195,0.933333333,3.24,2.4,6850,4.5,5.803333333,10.3
01/05/2007 00:00,1.350772549,0.5,-1.5,596937.323,447.5890667,1.9,3.276666667,490062.3333,123920.7,1.033333333,19.6,125444.1,3.7,1.9,3.75,4,6921891,4.206666667,2.1,0.9,11678,7.5,517,15.6,17.53333333,88.3,16.3,3341.533333,2.2,-62448,3491.633333,135183,0.566666667,31.5,194470,2.9,2.7,5.25,3.3,7218.9,0.933333333,3.91,4,6766,4.4,5.803333333,9.9
01/06/2007 00:00,1.341462124,0.5,-1.9,603712.414,447.5890667,1.9,3.276666667,490062.3333,129884.8,1.033333333,19.6,124605.3,3.4,1.9,4,3.8,6979573,4.206666667,2,1.8,11590,7.5,517,15.7,17.53333333,85.3,9.1,3341.533333,2.2,-62448,3491.633333,136594,0.566666667,31.5,196114,2.6,2.7,5.25,3.2,7252,0.933333333,3.34,2.9,6979,4.6,5.803333333,10.6
01/07/2007 00:00,1.371603465,0.383333333,-2,607910.678,449.2093667,1.9,0.093333333,494746.3333,130613.9,1,19.63333333,128021.7,4,1.8,4,4.4,7061067,4.183333333,1.5,2,11693,7.5,522.3333333,15.6,17,90.4,14.6,3356.4,2.2,-56240.66667,3532.533333,137564,0.766666667,31.8,197478,2.6,2.4,5.25,3.6,7280.7,0.933333333,4.21,2.9,7149,4.7,5.856666667,10.5
01/08/2007 00:00,1.361957317,0.383333333,-4.4,607502.665,449.2093667,1.9,0.093333333,494746.3333,119851.2,1,19.63333333,120534.7,4.8,1.7,4,5.2,7097580,4.183333333,1.6,2.2,11633,7.5,522.3333333,15.7,17,83.4,19.1,3356.4,2.1,-56240.66667,3532.533333,140485,0.766666667,31.8,197490,2.4,2,5.25,2.7,7346.7,0.933333333,2.34,2.9,7067,4.6,5.856666667,10.7
01/09/2007 00:00,1.391440428,0.383333333,-6.4,608858.998,449.2093667,1.8,0.093333333,494746.3333,126084.8,1,19.63333333,124926.5,3.8,2.1,4,3.6,7153473,4.183333333,2.4,1.9,11514,7.4,522.3333333,15.4,17,83.4,14.2,3356.4,2.1,-56240.66667,3532.533333,141276,0.766666667,31.8,199070,2.9,2.8,4.75,3,7372.3,0.933333333,4.43,4,7170,4.7,5.856666667,11.2
01/10/2007 00:00,1.423227957,0.306666667,-7.2,614816.267,451.0014333,1.9,-0.193333333,501385.3333,140721.7,0.8,19.7,138377.6,4.7,2.6,4,4.3,7273791,4.233333333,3.3,1.3,11452,7.3,527.6666667,15.4,16.33333333,80.9,15.3,3360.6,2.2,-52376,3575.266667,144737,0.633333333,31.83333333,201274,2.5,3.5,4.5,3,7386.1,1,6.1,4.7,7237,4.7,5.9,10.7
01/11/2007 00:00,1.468743856,0.306666667,-9.3,615413.747,451.0014333,1.9,-0.193333333,501385.3333,136382.2,0.8,19.7,136120.5,3.2,3.1,4,2.6,7317607,4.233333333,4.3,0.7,11415,7.3,527.6666667,15.3,16.33333333,76.1,15.3,3360.6,2.3,-52376,3575.266667,146373,0.633333333,31.83333333,206090,3.1,4.3,4.5,3.4,7418.9,1,7.26,5.4,7240,4.7,5.9,10.8
01/12/2007 00:00,1.455086101,0.306666667,-9.6,620254.375,451.0014333,1.9,-0.193333333,501385.3333,116820.5,0.8,19.7,123105.3,1.6,3.1,4,0.9,7360262,4.233333333,4.4,-0.9,11474,7.3,527.6666667,15.3,16.33333333,75.5,11.8,3360.6,2.4,-52376,3575.266667,147269,0.633333333,31.83333333,204422,2,4.1,4.25,2,7452.4,1,6.17,3,7645,5,5.9,11.7
01/01/2008 00:00,1.472317916,0.273333333,-11.5,620740.263,451.2285333,1.8,-2.076666667,505520.6667,125529.6,0.7,19.7,139075.9,3.8,3.2,4,3.7,7445489,4.213333333,5,1.6,11475,7.3,531,15.2,16.1,78.4,11.6,3353.666667,2.5,-60274.33333,3627.666667,150167,0.366666667,31.8,211306,2.2,4.3,3,2.1,7480.7,1.3,7.43,3.2,7685,5,5.956666667,11.7
01/02/2008 00:00,1.474312874,0.273333333,-12.7,621312.576,451.2285333,1.8,-2.076666667,505520.6667,131112.8,0.7,19.7,131637.3,3,3.3,4,3.1,7504762,4.213333333,5.3,1.5,11438,7.3,531,15.2,16.1,70.8,14.4,3353.666667,2.3,-60274.33333,3627.666667,152433,0.366666667,31.8,216781,0.9,4,3,1,7569.2,1.3,6.49,2.1,7497,4.9,5.956666667,11.4
01/03/2008 00:00,1.5513406,0.273333333,-13.1,626319.564,451.2285333,2,-2.076666667,505520.6667,129736.9,0.7,19.7,132514.6,1.8,3.6,4,1.7,7538185,4.213333333,5.6,-1.6,11368,7.3,531,15.2,16.1,69.5,10.4,3353.666667,2.4,-60274.33333,3627.666667,152089,0.366666667,31.8,212154,0.4,4,2.25,-0.1,7638.9,1.3,6.7,1.4,7822,5.1,5.956666667,11.4
01/04/2008 00:00,1.575171949,0.07,-12.7,630188.409,450.4302667,1.7,-1.413333333,509896,139790.6,0.4,19.86666667,140114.4,4.3,3.3,4,3.7,7619420,4.32,6.1,-1.2,11557,7.4,535.3333333,15.4,16.6,62.6,9.5,3359.3,2.3,-58641,3738.866667,156756,0.266666667,31.56666667,220284,-1,3.9,2,-1.9,7664.7,1.833333333,6.39,1.9,7637,5,6.013333333,11
01/05/2008 00:00,1.55588724,0.07,-14.3,630930.142,450.4302667,1.7,-1.413333333,509896,128276.9,0.4,19.86666667,135146.5,-0.8,3.7,4,-0.6,7666529,4.32,6.7,0.8,11577,7.4,535.3333333,15.7,16.6,59.8,3.4,3359.3,2.3,-58641,3738.866667,158799,0.266666667,31.56666667,220950,-1.6,4.2,2,-2.3,7688.1,1.833333333,7.34,1.3,8395,5.4,6.013333333,13
01/06/2008 00:00,1.557483295,0.07,-16.6,638293.191,450.4302667,1.8,-1.413333333,509896,136713.9,0.4,19.86666667,140048.2,-0.4,4,4,-0.3,7700432,4.32,7.7,-1.7,11721,7.5,535.3333333,16,16.6,56.4,3.5,3359.3,2.4,-58641,3738.866667,163609,0.266666667,31.56666667,224279,-1.7,5,2,-3.1,7704.6,1.833333333,9.09,2.3,8575,5.6,6.013333333,12.9
01/07/2008 00:00,1.57677365,-0.216666667,-19.8,639115.712,448.4000667,1.7,-3.27,511421.3333,143478,0.033333333,19.96666667,148551.4,-1.1,4,4.25,-1.2,7755489,4.223333333,8.9,-1.5,11724,7.5,539.6666667,16.2,14.93333333,61.2,2.5,3335.033333,2.5,-58214,3670.9,165379,-0.1,31.46666667,232221,-2.2,5.6,2,-4.3,7749.5,1.466666667,9.85,1.4,8937,5.8,6.07,13.5
01/08/2008 00:00,1.494640731,-0.216666667,-19.8,636349.252,448.4000667,1.9,-3.27,511421.3333,117232.4,0.033333333,19.96666667,128473.6,-1.4,3.8,4.25,-1.4,7784389,4.223333333,8.2,-1.5,11872,7.6,539.6666667,16.4,14.93333333,63,-4.4,3335.033333,2.5,-58214,3670.9,162658,-0.1,31.46666667,224766,-3.8,5.4,2,-5.1,7752.6,1.466666667,9.69,0.3,9438,6.1,6.07,13.1
01/09/2008 00:00,1.434684757,-0.216666667,-19.6,639961.56,448.4000667,1.9,-3.27,511421.3333,138121.8,0.033333333,19.96666667,144753.1,-2.9,3.6,4.25,-3,7866059,4.223333333,7.7,-0.4,11985,7.7,539.6666667,16.6,14.93333333,70.3,-4.7,3335.033333,2.5,-58214,3670.9,153586,-0.1,31.46666667,214086,-8.3,4.9,2,-8.7,7831,1.466666667,8.84,-1.8,9494,6.1,6.07,13.5
01/10/2008 00:00,1.328242664,-1.02,-24.9,640464.528,446.9131,1.9,1.246666667,508274.3333,141730.9,-0.7,20.1,143613.4,-5.6,3.2,3.75,-5.8,8009407,4.553333333,6.1,-1.8,12238,7.8,541,16.9,11.03333333,57.6,3,3294.9,2.2,-50000.66667,3619.766667,151364,-0.933333333,31.36666667,211555,-7,3.7,1,-8.9,7938.7,2.133333333,5.22,-6,10074,6.5,6.126666667,13.6
01/11/2008 00:00,1.272757087,-1.02,-27,635737.096,446.9131,1.9,1.246666667,508274.3333,121389.9,-0.7,20.1,129011,-8.8,2.1,3.25,-8.8,8028013,4.553333333,3,-1.7,12573,8,541,17.3,11.03333333,55.3,-8.3,3294.9,2,-50000.66667,3619.766667,142400,-0.933333333,31.36666667,187123,-8.6,1.1,1,-11.5,7996.7,2.133333333,0.35,-10.2,10538,6.8,6.126666667,14
01/12/2008 00:00,1.355065958,-1.02,-31.3,634487.562,446.9131,1.9,1.246666667,508274.3333,113309.5,-0.7,20.1,115977,-12.3,1.6,3.25,-13.1,8049716,4.553333333,1.5,-0.9,13013,8.3,541,17.9,11.03333333,60.1,-6.5,3294.9,1.8,-50000.66667,3619.766667,132372,-0.933333333,31.36666667,174835,-11.3,0.1,0.25,-14.6,8177,2.133333333,-0.94,-11.4,11286,7.3,6.126666667,14.8
01/01/2009 00:00,1.32665506,-1.29,-30.9,638789.923,444.2949333,1.6,0.593333333,504758.6667,94158.3,-1.833333333,20.4,107182.1,-16.5,1.1,2,-19.1,8082151,4.826666667,-0.4,-2.1,13631,8.7,525.6666667,18.7,12,61.2,4.9,3283.6,1.7,-31890,3609.3,125294,-1.166666667,31.16666667,163136,-13.1,0,0.25,-16.8,8251.2,2.033333333,-0.93,-10.2,12058,7.8,6.166666667,15
01/02/2009 00:00,1.279171754,-1.29,-33.3,636544.66,444.2949333,1.7,0.593333333,504758.6667,100544.4,-1.833333333,20.4,103183.1,-18.7,1.2,2,-20.8,8108078,4.826666667,-1.5,-4.5,14089,9,525.6666667,19.3,12,56.3,-10.3,3283.6,1.8,-31890,3609.3,127342,-1.166666667,31.16666667,155109,-13.4,0.2,0.25,-16.5,8284.8,2.033333333,-1.39,-9.7,12898,8.3,6.166666667,16
01/03/2009 00:00,1.306484192,-1.29,-34.6,639053.736,444.2949333,1.5,0.593333333,504758.6667,110894,-1.833333333,20.4,110429.3,-19.5,0.6,1.5,-20.7,8097182,4.826666667,-2.8,-3.3,14556,9.3,525.6666667,19.9,12,57.3,-16.5,3283.6,1.8,-31890,3609.3,125998,-1.166666667,31.16666667,155161,-14.6,-0.4,0.25,-17.7,8353.5,2.033333333,-3.43,-11.5,13426,8.7,6.166666667,16.5
01/04/2009 00:00,1.320666228,-1.06,-30.8,634736.143,444.5351,1.8,1.023333333,505322.3333,103771.9,-1.8,20.76666667,102225,-21.5,0.6,1.25,-22,8150018,4.74,-4.4,-2.3,14773,9.5,530,20.3,15.26666667,65.1,-7.9,3268.8,1.9,-28778.66667,3654.866667,124390,-1.366666667,31.3,154095,-14.7,-0.7,0.25,-17.6,8337.8,2.2,-3.51,-11.2,13853,9,6.19,16.7
01/05/2009 00:00,1.36700126,-1.06,-28.3,633687.146,444.5351,1.5,1.023333333,505322.3333,100122.6,-1.8,20.76666667,98728.7,-17.4,0,1,-18.3,8134686,4.74,-5.5,-3.6,14912,9.6,530,20.3,15.26666667,68.7,-6,3268.8,1.8,-28778.66667,3654.866667,126221,-1.366666667,31.3,151593,-15.2,-1.3,0.25,-18.1,8407.3,2.2,-4.84,-11.1,14499,9.4,6.19,17.6
01/06/2009 00:00,1.401738725,-1.06,-25.2,640486.725,444.5351,1.4,1.023333333,505322.3333,109778.1,-1.8,20.76666667,104516.2,-17.1,-0.1,1,-18.1,8159159,4.74,-6.2,-2.6,15066,9.7,530,20.6,15.26666667,70.8,-17.8,3268.8,1.7,-28778.66667,3654.866667,128891,-1.366666667,31.3,155258,-15.4,-1.4,0.25,-17.9,8416.4,2.2,-4.44,-9.8,14707,9.5,6.19,18
01/07/2009 00:00,1.407882765,-0.716666667,-23.1,637380.753,443.7978667,1.3,-0.45,507050.3333,118257.2,-1.533333333,21.06666667,106051.6,-16.1,-0.7,1,-17,8178763,4.796666667,-8.1,-1.8,15210,9.8,533.6666667,20.9,18.13333333,66,-3.1,3288.633333,1.5,-30337.66667,3651.866667,130848,-1.1,31.46666667,163637,-14.1,-2.1,0.25,-15.8,8421,1.966666667,-6.86,-9.2,14601,9.5,6.236666667,17.9
01/08/2009 00:00,1.427103163,-0.716666667,-22.2,632639.421,443.7978667,1.3,-0.45,507050.3333,93484.2,-1.533333333,21.06666667,96039.6,-15,-0.2,1,-16.2,8180091,4.796666667,-7.3,-2.7,15338,9.9,533.6666667,20.9,18.13333333,65.7,-9.4,3288.633333,1.4,-30337.66667,3651.866667,131438,-1.1,31.46666667,162705,-11.8,-1.5,0.25,-13.8,8407.3,1.966666667,-4.39,-6.8,14814,9.6,6.236666667,18.1
01/09/2009 00:00,1.457072422,-0.716666667,-19.3,633215.69,443.7978667,1.2,-0.45,507050.3333,113093.5,-1.533333333,21.06666667,112557.9,-13,-0.3,1,-13.5,8190191,4.796666667,-7.5,-3.3,15531,10,533.6666667,21.2,18.13333333,73.5,-5.6,3288.633333,1.5,-30337.66667,3651.866667,136142,-1.1,31.46666667,170632,-7.2,-1.3,0.25,-10.1,8416.3,1.966666667,-4.94,-7.6,15009,9.8,6.236666667,18.4
01/10/2009 00:00,1.481724061,-0.38,-17.9,631434.019,445.6313,1.2,5.293333333,507673.6667,116345.3,-0.8,21.3,112406.6,-11.3,-0.1,1,-11.9,8192385,4.656666667,-6.6,-1.7,15633,10,537,21.2,18.43333333,70.6,-14,3288.266667,1.7,-33167.66667,3679.766667,140401,-0.066666667,31.33333333,174228,-7.7,-0.2,0.25,-9.4,8444.1,1.9,-2.03,-3.2,15352,10,6.28,19.1
01/11/2009 00:00,1.490465759,-0.38,-17.6,630288.057,445.6313,1,5.293333333,507673.6667,113906.5,-0.8,21.3,111871,-7.2,0.5,1,-7.6,8180459,4.656666667,-4.4,-2.8,15662,10.1,537,21,18.43333333,67.4,-9,3288.266667,1.7,-33167.66667,3679.766667,141370,-0.066666667,31.33333333,178573,-6.2,1.8,0.25,-6.3,8483.3,1.9,2.15,1.4,15219,9.9,6.28,19.2
01/12/2009 00:00,1.458202741,-0.38,-16.4,633613.655,445.6313,1.1,5.293333333,507673.6667,111897.7,-0.8,21.3,109408.8,-3.9,0.9,1,-4.6,8215316,4.656666667,-3.1,-0.7,15786,10.1,537,21.1,18.43333333,72.5,5.9,3288.266667,1.8,-33167.66667,3679.766667,144718,-0.066666667,31.33333333,182700,-3.1,2.7,0.25,-3.2,8482.4,1.9,4.27,4.2,15098,9.9,6.28,18.8
01/01/2010 00:00,1.425435361,-0.126666667,-15.9,625088.12,446.1673667,0.8,0.853333333,507304.3333,98263.4,0.333333333,21.26666667,109325.4,2.2,1,1,1.7,8217861,4.46,-1.1,-0.5,15844,10.2,538.6666667,21.2,19.63333333,74.4,-14,3305.9,1.6,-35109.33333,3686.766667,144013,0.533333333,30.9,181167,0.4,2.6,0.25,0.9,8437.5,1.666666667,4.46,2.8,15046,9.8,6.306666667,18.8
01/02/2010 00:00,1.365468558,-0.126666667,-17.6,620755.803,446.1673667,0.7,0.853333333,507304.3333,110621.6,0.333333333,21.26666667,109006,4.1,0.9,1,4.2,8227168,4.46,-0.5,-0.6,15898,10.2,538.6666667,21.3,19.63333333,73.6,-10.8,3305.9,1.3,-35109.33333,3686.766667,145059,0.533333333,30.9,186093,1.4,2.1,0.25,1,8489.4,1.666666667,4.18,3.3,15113,9.8,6.306666667,18.7
01/03/2010 00:00,1.357037857,-0.126666667,-17.6,621353.825,446.1673667,1.1,0.853333333,507304.3333,136106.2,0.333333333,21.26666667,134237,7.6,1.4,1,7.8,8232184,4.46,0.7,1.8,15955,10.2,538.6666667,21.2,19.63333333,73.6,6.6,3305.9,1.1,-35109.33333,3686.766667,149262,0.533333333,30.9,189028,3.8,2.3,0.25,4.2,8487.7,1.666666667,5.91,7.5,15202,9.9,6.306666667,18.8
01/04/2010 00:00,1.342286914,0.076666667,-15.3,622493.361,447.4142667,0.9,0.896666667,509082,122072.3,0.766666667,21.26666667,122505.4,8.9,1.5,1,8.9,8259554,4.386666667,2.4,-0.5,16061,10.3,539.6666667,21.5,18.66666667,72.2,-5.8,3332.8,0.9,-37096.33333,3743.733333,147800,0.9,30.43333333,188664,5.1,2.2,0.25,6,8499.7,1.966666667,5.4,7.8,15325,9.9,6.346666667,19.5
01/05/2010 00:00,1.257164093,0.076666667,-18,622035.026,447.4142667,0.9,0.896666667,509082,122619.2,0.766666667,21.26666667,127750.7,8.6,1.6,1,8.7,8282864,4.386666667,2.9,0.8,16050,10.3,539.6666667,21.4,18.66666667,73.6,-7.8,3332.8,0.9,-37096.33333,3743.733333,152502,0.9,30.43333333,193834,7.9,2,0.25,8.8,8565.6,1.966666667,5.08,6,14849,9.6,6.346666667,18.1
01/06/2010 00:00,1.221162238,0.076666667,-17.5,648985.705,447.4142667,1,0.896666667,509082,139228.5,0.766666667,21.26666667,138229.2,8.3,1.4,1,9.4,8319030,4.386666667,3,1,15930,10.3,539.6666667,21.2,18.66666667,76,-3.6,3332.8,0.9,-37096.33333,3743.733333,152069,0.9,30.43333333,198626,8.5,1.1,0.25,9.1,8582.9,1.966666667,2.7,4.2,14474,9.4,6.346666667,18.2
01/07/2010 00:00,1.279603318,0.216666667,-14.4,645946.372,447.9324333,1,0.193333333,512884.6667,138739.4,0.8,21.2,133624.9,7.7,1.7,1,8.4,8322419,4.346666667,3.9,0.5,15818,10.2,543.6666667,20.9,18.83333333,67.8,-1.8,3354.366667,0.9,-38372.66667,3767.1,155434,1.033333333,29.96666667,195847,7.9,1.2,0.25,8.3,8593.8,1.866666667,4.12,4.2,14512,9.4,6.38,18.4
01/08/2010 00:00,1.28878422,0.216666667,-11.8,644411.542,447.9324333,1,0.193333333,512884.6667,121558.9,0.8,21.2,127319.7,8.8,1.6,1,9.4,8374172,4.346666667,3.6,1.7,15793,10.2,543.6666667,20.8,18.83333333,68.9,0,3354.366667,0.9,-38372.66667,3767.1,156016,1.033333333,29.96666667,200937,7.2,1.1,0.25,7.3,8632.7,1.866666667,3.27,2.8,14648,9.5,6.38,17.7
01/09/2010 00:00,1.307402144,0.216666667,-11.5,642477.858,447.9324333,1.2,0.193333333,512884.6667,138645.6,0.8,21.2,138278.9,5.9,1.8,1,6.6,8369960,4.346666667,4.2,0.9,15810,10.2,543.6666667,20.9,18.83333333,68.2,1,3354.366667,0.8,-38372.66667,3767.1,156896,1.033333333,29.96666667,200937,6.7,1.1,0.25,6.5,8671.2,1.866666667,3.93,6.2,14579,9.5,6.38,17.9
01/10/2010 00:00,1.390244305,0.43,-11.4,641412.723,449.8684,1.1,3.876666667,514520,140685.8,0.8,21.23333333,137604.4,7.1,1.9,1,7.8,8387424,4.163333333,4.2,1,15862,10.2,545.6666667,20.9,19.1,67.7,9.1,3388.7,0.6,-32987.66667,3838.166667,162730,0.9,29.46666667,202727,6.1,1.2,0.25,6.4,8720.7,1.966666667,4.26,6.5,14516,9.4,6.41,18.7
01/11/2010 00:00,1.364537028,0.43,-10,642114.303,449.8684,1.1,3.876666667,514520,141954.5,0.8,21.23333333,144346.7,8,1.9,1,8.4,8407455,4.163333333,4.3,1.9,15766,10.1,545.6666667,21,19.1,71.6,0.3,3388.7,0.8,-32987.66667,3838.166667,164418,0.9,29.46666667,202180,5.7,1.1,0.25,5.4,8747.8,1.966666667,3.36,6.6,15081,9.8,6.41,18.5
01/12/2010 00:00,1.323992176,0.43,-11.6,640742.306,449.8684,1.1,3.876666667,514520,135672.9,0.8,21.23333333,137465.1,9.2,2.2,1,9.5,8420889,4.163333333,5.1,-0.4,15703,10.1,545.6666667,21.1,19.1,74.5,118.6,3388.7,0.8,-32987.66667,3838.166667,167408,0.9,29.46666667,208223,6.3,1.5,0.25,6,8782.9,1.966666667,3.75,6.7,14348,9.3,6.41,17.9
01/01/2011 00:00,1.33558532,0.493333333,-11.7,633843.448,449.3934,1.1,0.796666667,517638.6667,125867.3,0.933333333,21.03333333,142377.5,6,2.3,1,8,8437182,4.206666667,5.4,0.7,15618,10.1,546,21,19.8,74.2,8.2,3405.7,1,-38374.66667,3897.233333,168932,0.633333333,29,216055,5,1.6,0.25,5.1,8815.4,2.033333333,3.6,7.5,14013,9.1,6.436666667,18.1
01/02/2011 00:00,1.363588552,0.493333333,-10.3,630656.632,449.3934,1,0.796666667,517638.6667,135991.8,0.933333333,21.03333333,139230.4,8.1,2.4,1,9.9,8445223,4.206666667,6,1.4,15585,10,546,20.9,19.8,77.5,9.4,3405.7,1.1,-38374.66667,3897.233333,167437,0.633333333,29,211155,4.2,2.1,0.25,5.3,8863,2.033333333,5.42,8.1,13820,9,6.436666667,17.7
01/03/2011 00:00,1.402178545,0.493333333,-11,633703.865,449.3934,1.3,0.796666667,517638.6667,159138.8,0.933333333,21.03333333,158663.6,6.5,2.7,1,7.5,8455516,4.206666667,6.3,-1.4,15605,10,546,21,19.8,67.5,8.5,3405.7,1.2,-38374.66667,3897.233333,175373,0.633333333,29,218851,4.4,2.7,0.25,4.6,8907.4,2.033333333,5.58,6.7,13737,9,6.436666667,17.6
01/04/2011 00:00,1.446485016,0.333333333,-12,635186.762,447.373,1.6,1.786666667,521967.6667,140082,0.6,21.1,144742.7,5.6,2.8,1.25,7.2,8457061,4.263333333,6.4,1,15535,10,548.6666667,20.8,18.86666667,69.8,6.1,3412.566667,1.3,-39102.33333,3932.933333,177458,0.566666667,28.53333333,219684,3.6,3.2,0.25,3.1,8957.5,2.033333333,6.63,6.6,13957,9.1,6.473333333,17.6
01/05/2011 00:00,1.433338787,0.333333333,-10.2,633161.427,447.373,1.5,1.786666667,521967.6667,150192.4,0.6,21.1,152005.7,4.3,2.7,1.25,5.7,8473867,4.263333333,5.9,-1.3,15640,10,548.6666667,20.8,18.86666667,74.3,7,3412.566667,1.5,-39102.33333,3932.933333,177451,0.566666667,28.53333333,224671,2.3,3.6,0.25,1.7,9016.3,2.033333333,7.06,7.4,13855,9,6.473333333,17.3
01/06/2011 00:00,1.438388579,0.333333333,-10,632902.06,447.373,1.5,1.786666667,521967.6667,145040.6,0.6,21.1,145697.7,2.6,2.7,1.25,3.2,8498153,4.263333333,5.5,-0.6,15675,10,548.6666667,20.9,18.86666667,71.5,8.7,3412.566667,1.6,-39102.33333,3932.933333,175611,0.566666667,28.53333333,225043,2.3,3.6,0.25,1.9,9099.4,2.033333333,6.93,8.3,13962,9.1,6.473333333,17.1
01/07/2011 00:00,1.427943741,0.01,-11.5,629449.886,447.9772667,1.2,0.81,521282,146440.3,0.466666667,21.03333333,145244.9,4.2,2.5,1.5,5.1,8513905,4.1,5.9,-0.2,15853,10.1,549.6666667,21,17.56666667,63.7,22,3427.4,1.8,-34694.33333,3957.666667,180121,0.4,28.26666667,225810,2.3,3.6,0.25,1.8,9289.9,1.9,7.08,8,13763,9,6.503333333,17.3
01/08/2011 00:00,1.43294581,0.01,-16.7,630641.806,447.9772667,1.2,0.81,521282,138363.5,0.466666667,21.03333333,144922,5.4,2.5,1.5,6.4,8560869,4.1,5.7,0.1,16015,10.2,549.6666667,21,17.56666667,55.8,-7.9,3427.4,2,-34694.33333,3957.666667,180455,0.4,28.26666667,225423,2.5,3.8,0.25,1.9,9494,1.9,6.56,7.7,13818,9,6.503333333,17.4
01/09/2011 00:00,1.375840218,0.01,-19.2,629592.269,447.9772667,1.6,0.81,521282,152468.5,0.466666667,21.03333333,151993.6,1.9,3,1.5,2.4,8587162,4.1,5.6,-1,16282,10.4,549.6666667,21.3,17.56666667,59.5,10.7,3427.4,2,-34694.33333,3957.666667,182398,0.4,28.26666667,225703,2.1,3.9,0.25,2.2,9522.2,1.9,7,7.8,13948,9,6.503333333,17.3
01/10/2011 00:00,1.374122304,-0.06,-20,628961.114,445.6113333,1.6,7.763333333,523381.3333,148707.8,0.133333333,20.96666667,150274.3,0.4,3,1.5,1.2,8575622,4.283333333,5.5,-0.6,16424,10.4,551.6666667,21.4,17.63333333,60.8,8.5,3438.933333,2.1,-36025.33333,3996.2,181683,0.566666667,28.03333333,226645,3.1,3.5,0.25,2.6,9553.6,2.133333333,5.85,7.3,13594,8.8,6.523333333,16.7
01/11/2011 00:00,1.355216354,-0.06,-20.4,626992.276,445.6113333,1.6,7.763333333,523381.3333,156232.1,0.133333333,20.96666667,152258.2,-0.1,3,1.25,0.7,8587779,4.283333333,5.4,-1.1,16671,10.6,551.6666667,21.8,17.63333333,63.7,18.3,3438.933333,2.2,-36025.33333,3996.2,179589,0.566666667,28.03333333,226633,2.9,3.4,0.25,2.3,9596.3,2.133333333,5.56,6.6,13302,8.6,6.523333333,17.1
01/12/2011 00:00,1.316679114,-0.06,-21.3,628456.135,445.6113333,1.6,7.763333333,523381.3333,148571.1,0.133333333,20.96666667,141351,-1.6,2.7,1,0.1,8611004,4.283333333,4.4,-1.2,16839,10.7,551.6666667,22.1,17.63333333,69.9,11.6,3438.933333,2.2,-36025.33333,3996.2,180513,0.566666667,28.03333333,229973,2.5,3,0.25,2.5,9635.9,2.133333333,4.65,6.1,13093,8.5,6.523333333,16.7
01/01/2012 00:00,1.289780645,-0.046666667,-20.6,624004.743,444.7995333,1.5,3.45,523908.3333,140098.4,-0.166666667,20.86666667,149053.9,-1.7,2.7,1,-1,8641354,4.146666667,4.1,-0.4,16908,10.8,554,22.3,17.86666667,75,10.9,3459.666667,2.3,-38474,4083.866667,180073,0.933333333,27.63333333,231056,3.3,2.9,0.25,3.3,9714.8,2.333333333,4.12,6.3,12797,8.3,6.55,16.1
01/02/2012 00:00,1.323757094,-0.046666667,-20,618819.706,444.7995333,1.5,3.45,523908.3333,150833.8,-0.166666667,20.86666667,149914.5,-2,2.7,1,-2.9,8680897,4.146666667,3.9,-2,17206,10.9,554,22.7,17.86666667,75.3,9.3,3459.666667,2.2,-38474,4083.866667,182640,0.933333333,27.63333333,226210,4.1,2.9,0.25,3.5,9758.1,2.333333333,3.38,6.7,12813,8.3,6.55,16.5
01/03/2012 00:00,1.320715166,-0.046666667,-18.8,617631.512,444.7995333,1.6,3.45,523908.3333,166294.1,-0.166666667,20.86666667,159318.8,-1.8,2.7,1,-1.2,8721713,4.146666667,3.6,0.3,17487,11.1,554,23.1,17.86666667,76.2,14,3459.666667,2.3,-38474,4083.866667,186316,0.933333333,27.63333333,236533,2.5,2.7,0.25,2.4,9801.4,2.333333333,2.8,6.2,12713,8.2,6.55,16.3
01/04/2012 00:00,1.315956031,-0.256666667,-19.7,617858.796,442.9379,1.6,8.343333333,522822.3333,148574.6,-0.266666667,20.9,145483.9,-2.5,2.6,1,-3.3,8701685,4.18,2.9,-3.1,17696,11.2,554.3333333,23.2,17.03333333,76.4,13.2,3465.533333,2.3,-37178.66667,4103.133333,185030,0.833333333,27.43333333,232284,3.7,2.3,0.25,3.7,9849,2.533333333,1.83,5.1,12646,8.2,6.573333333,16.5
01/05/2012 00:00,1.279245516,-0.256666667,-19.1,618652.039,442.9379,1.6,8.343333333,522822.3333,159678.8,-0.266666667,20.9,153385.3,-2.3,2.4,1,-2.5,8744592,4.18,2.6,-0.3,17864,11.3,554.3333333,23.4,17.03333333,79.3,19.6,3465.533333,2.3,-37178.66667,4103.133333,185070,0.833333333,27.43333333,231041,3.7,1.7,0.25,3.1,9883.1,2.533333333,0.62,5,12660,8.2,6.573333333,16.1
01/06/2012 00:00,1.253275972,-0.256666667,-19.6,617067.462,442.9379,1.6,8.343333333,522822.3333,162559.1,-0.266666667,20.9,149700.6,-1.9,2.4,1,-2.1,8782832,4.18,2.2,-0.4,18024,11.4,554.3333333,23.4,17.03333333,73.2,12.1,3465.533333,2.2,-37178.66667,4103.133333,185286,0.833333333,27.43333333,228746,3.5,1.7,0.25,3.3,9951,2.533333333,0.73,3.3,12692,8.2,6.573333333,16.3
01/07/2012 00:00,1.228464386,-0.403333333,-21.2,611251.888,441.9833,1.7,4.746666667,521669.6667,163156.8,-0.333333333,20.86666667,149649.2,-2.5,2.4,0.75,-2.7,8826298,4.096666667,2,-1.7,18155,11.5,555.3333333,23.6,17.3,72.3,8.5,3474.7,2.1,-33408,4131.833333,184336,0.8,27.03333333,227706,3.3,1.4,0.25,2.6,10029.9,2.4,0.52,3.8,12656,8.2,6.593333333,16.3
01/08/2012 00:00,1.239370588,-0.403333333,-24.3,607329.56,441.9833,1.5,4.746666667,521669.6667,153393.3,-0.333333333,20.86666667,148112.3,-1.1,2.6,0.75,-1.3,8846003,4.096666667,2.9,-0.6,18235,11.5,555.3333333,23.7,17.3,74.3,17.4,3474.7,1.9,-33408,4131.833333,183265,0.8,27.03333333,227372,2.3,1.7,0.25,2.1,10098.3,2.4,1.93,4.7,12471,8.1,6.593333333,16.7
01/09/2012 00:00,1.287651913,-0.403333333,-25.6,604904.271,441.9833,1.5,4.746666667,521669.6667,154264.4,-0.333333333,20.86666667,145787.4,-2.3,2.6,0.75,-2.4,8879174,4.096666667,2.8,-1.4,18379,11.6,555.3333333,23.9,17.3,78.3,9.8,3474.7,2,-33408,4131.833333,188647,0.8,27.03333333,228711,2.3,2,0.25,1.7,10180.6,2.4,2.13,4.7,12115,7.8,6.593333333,15.4
01/10/2012 00:00,1.297951646,-0.336666667,-25.4,603568.775,439.8073,1.5,11.78666667,520951.6667,171037.3,-0.366666667,20.83333333,161372.2,-2.9,2.5,0.75,-3.2,8952426,4.013333333,2.6,-2.6,18610,11.7,554.6666667,24.1,16.66666667,82.6,17.7,3484.4,2,-33005.33333,4340.833333,182988,0.433333333,26.93333333,226029,1.9,2.2,0.25,0.9,10239.1,3.666666667,2.35,4,12124,7.8,6.63,16.1
01/11/2012 00:00,1.282209251,-0.336666667,-26.5,599834.015,439.8073,1.4,11.78666667,520951.6667,165243.8,-0.366666667,20.83333333,152715.1,-3.9,2.2,0.75,-4.1,8971264,4.013333333,2.2,-1.8,18717,11.8,554.6666667,24.3,16.66666667,82.7,17.7,3484.4,1.9,-33005.33333,4340.833333,185747,0.433333333,26.93333333,232414,2.5,1.8,0.25,2,10299.1,3.666666667,1.46,4,12005,7.7,6.63,15.9
01/12/2012 00:00,1.311732827,-0.336666667,-26.3,604305.166,439.8073,1.5,11.78666667,520951.6667,144279.7,-0.366666667,20.83333333,134050.6,-2.6,2.2,0.75,-2.9,8998082,4.013333333,2.2,-2.5,18819,11.9,554.6666667,24.4,16.66666667,72.9,11.8,3484.4,1.9,-33005.33333,4340.833333,189591,0.433333333,26.93333333,227661,2.3,1.7,0.25,2.1,10423.6,3.666666667,1.36,4.5,12298,7.9,6.63,16.6
01/01/2013 00:00,1.329155592,-0.266666667,-23.9,598062.589,438.6079333,1.3,9.636666667,522264,147081,-0.4,20.73333333,152303,-2.3,2,0.75,-2.6,9015694,4.14,1.7,-2.1,19042,12,558.3333333,24.6,17.46666667,73.8,16.2,3500.766667,1.9,-31545.66667,4132.233333,188751,0.433333333,26.63333333,229794,1.6,1.6,0.25,0.9,10452.7,1.6,1.46,4.3,12470,8,6.67,16.8
01/02/2013 00:00,1.333885428,-0.266666667,-23.6,592318.971,438.6079333,1.3,9.636666667,522264,149071.1,-0.4,20.73333333,139979.8,-2.8,1.8,0.75,-2.2,9049538,4.14,1.2,-1.4,19113,12.1,558.3333333,24.8,17.46666667,77.6,21.1,3500.766667,2,-31545.66667,4132.233333,190448,0.433333333,26.63333333,233066,1.9,2,0.25,1,10449.4,1.6,1.76,4.1,11954,7.7,6.67,16.2
01/03/2013 00:00,1.29572443,-0.266666667,-23.5,590919.019,438.6079333,1.5,9.636666667,522264,165746.2,-0.4,20.73333333,143837.6,-1.7,1.7,0.75,-3,9080770,4.14,0.5,-2,19102,12,558.3333333,24.5,17.46666667,78.6,10.4,3500.766667,1.9,-31545.66667,4132.233333,188248,0.433333333,26.63333333,224197,2.7,1.5,0.25,1.3,10519.8,1.6,1.13,3,11672,7.5,6.67,16.1
01/04/2013 00:00,1.302963456,-0.216666667,-22.2,591096.781,439.6055333,1,8.763333333,524052.6667,161955,-0.133333333,20.66666667,148040.7,-0.6,1.2,0.75,-0.6,9101272,4.143333333,-0.3,-0.9,19153,12.1,560.3333333,24.4,17.53333333,76.4,10.2,3507.966667,1.7,-30180.33333,4176.133333,189485,0.333333333,26.53333333,228412,1.8,1.1,0.25,0.3,10553.4,1.8,0.51,3.1,11752,7.6,6.706666667,16.1
01/05/2013 00:00,1.297614589,-0.216666667,-22,590228.235,439.6055333,1.2,8.763333333,524052.6667,159414.7,-0.133333333,20.66666667,144915.3,-1.8,1.4,0.5,-1.8,9122208,4.143333333,-0.4,-0.1,19111,12.1,560.3333333,24.3,17.53333333,84.5,15.1,3507.966667,1.7,-30180.33333,4176.133333,188438,0.333333333,26.53333333,231277,1.7,1.4,0.25,1,10587.2,1.8,1.6,3.7,11657,7.5,6.706666667,16.2
01/06/2013 00:00,1.317953175,-0.216666667,-18.8,589524.208,439.6055333,1.2,8.763333333,524052.6667,157424.9,-0.133333333,20.66666667,141952.1,-0.4,1.6,0.5,-0.1,9133754,4.143333333,0.1,-1.3,19119,12,560.3333333,24.2,17.53333333,84.1,11,3507.966667,1.6,-30180.33333,4176.133333,191198,0.333333333,26.53333333,227163,1.8,1.8,0.25,0.9,10639.9,1.8,2.28,5.1,11741,7.5,6.706666667,16.1
01/07/2013 00:00,1.308937644,-0.056666667,-17.4,589625.359,440.5302333,1.1,6.173333333,525550,168532.8,0,20.6,150746,-1.8,1.6,0.5,-1.8,9151250,4.116666667,-0.1,-0.9,19149,12,563,24.4,18.46666667,85.1,14.5,3524.366667,1.7,-29569.66667,4212.066667,190614,0.566666667,26.53333333,228284,1,2,0.25,0,10700.7,1.766666667,2.07,5.3,11350,7.3,6.74,15.5
01/08/2013 00:00,1.331915281,-0.056666667,-15.7,586225.119,440.5302333,1.1,6.173333333,525550,144797.8,0,20.6,137733.7,-1.5,1.3,0.5,-1.5,9190970,4.116666667,-0.9,0.3,19120,12,563,24.3,18.46666667,82.1,15.3,3524.366667,1.8,-29569.66667,4212.066667,190719,0.566666667,26.53333333,228802,2.2,1.5,0.25,1.2,10754.5,1.766666667,1.38,3.9,11284,7.3,6.74,15.5
01/09/2013 00:00,1.336257927,-0.056666667,-15,583016.552,440.5302333,1,6.173333333,525550,158536.5,0,20.6,147684.6,0,1.1,0.5,0.1,9199965,4.116666667,-0.8,-0.2,19082,12,563,24.5,18.46666667,77.5,17.5,3524.366667,1.7,-29569.66667,4212.066667,190791,0.566666667,26.53333333,232108,2.7,1.2,0.25,1.4,10809.4,1.766666667,0.31,2.9,11264,7.2,6.74,15
01/10/2013 00:00,1.364444688,0.103333333,-14.6,576417.741,441.4415667,0.8,12.02666667,527544.3333,173012.8,0.266666667,20.46666667,156460.4,0.4,0.7,0.5,0.7,9222721,4.15,-1.3,-0.3,18966,11.9,566.3333333,24.4,18.66666667,73.2,17.6,3554.066667,1.7,-25218.66667,4208.266667,194342,0.9,26.33333333,232143,2.3,1,0.25,1.7,10920.4,1.566666667,0.31,3.4,11133,7.2,6.78,15
01/11/2013 00:00,1.349642858,0.103333333,-15.5,573055.041,441.4415667,0.9,12.02666667,527544.3333,161902.7,0.266666667,20.46666667,145494.2,2.7,0.9,0.25,3,9237477,4.15,-1.2,1.6,18906,11.9,566.3333333,24.4,18.66666667,75.1,12.6,3554.066667,1.7,-25218.66667,4208.266667,195830,0.9,26.33333333,230681,2.1,1.2,0.25,0.9,10929.8,1.566666667,0.72,3.4,10792,6.9,6.78,14.2
01/12/2013 00:00,1.370914307,0.103333333,-13.7,575762.058,441.4415667,0.7,12.02666667,527544.3333,149655.5,0.266666667,20.46666667,135926.9,1.7,0.8,0.25,2,9204347,4.15,-0.7,0.1,18824,11.9,566.3333333,24.3,18.66666667,82.5,14.4,3554.066667,1.7,-25218.66667,4208.266667,194591,0.9,26.33333333,229405,2.1,1.5,0.25,0.1,10984.9,1.566666667,1.24,3.3,10410,6.7,6.78,13.5
01/01/2014 00:00,1.361285043,0.14,-11.8,571382.884,441.282,0.8,8.38,527845.3333,148276.4,0.466666667,20.3,148860.7,1.9,0.8,0.25,3.2,9234214,4.183333333,-1.4,1.1,18895,11.9,558.3333333,24.6,18.33333333,81.2,18.8,3571.133333,1.6,-30423.66667,4283,194564,0.566666667,26.13333333,233540,1.7,1.6,0.25,-0.6,11037.5,1.8,1.2,1.6,10240,6.6,6.826666667,14.3
01/02/2014 00:00,1.366429371,0.14,-12.9,567907.352,441.282,1,8.38,527845.3333,154023,0.466666667,20.3,139981.9,1.9,0.7,0.25,3.8,9261576,4.183333333,-1.6,1.3,18855,11.9,558.3333333,24.5,18.33333333,81.6,18.1,3571.133333,1.6,-30423.66667,4283,193642,0.566666667,26.13333333,235436,2.1,1.1,0.25,0,11118.5,1.8,0.9,1.8,10383,6.7,6.826666667,14.3
01/03/2014 00:00,1.381935417,0.14,-9.5,570152.856,441.282,0.7,8.38,527845.3333,164071.1,0.466666667,20.3,148465.7,0.5,0.5,0.25,2.4,9280495,4.183333333,-1.6,1.3,18741,11.8,558.3333333,24.4,18.33333333,80,18.6,3571.133333,1.7,-30423.66667,4283,198684,0.566666667,26.13333333,240401,2.7,1.5,0.25,0.9,11161.3,1.8,1.4,3.8,10400,6.7,6.826666667,14.5
01/04/2014 00:00,1.381347088,0.076666667,-8.8,570012.965,442.6567333,1,5.323333333,530038.6667,159402,0.366666667,20.26666667,144959.9,1.8,0.7,0.25,3.1,9284152,4.206666667,-1.3,2,18584,11.7,559.6666667,24.1,18.46666667,84.1,23.7,3601.7,1.8,-29299,4333.566667,197822,0.9,26.06666667,242243,3,2,0.25,1.3,11217.4,1.933333333,2.1,5.1,9705,6.2,6.863333333,12.8
01/05/2014 00:00,1.373167723,0.076666667,-7.4,567482.396,442.6567333,0.7,5.323333333,530038.6667,159920.5,0.366666667,20.26666667,145970.8,0.7,0.5,0.25,1.3,9336821,4.206666667,-1,0.9,18518,11.7,559.6666667,23.9,18.46666667,81.9,18.8,3601.7,2,-29299,4333.566667,199875,0.9,26.06666667,240723,3.3,2.1,0.25,1.3,11282.6,1.933333333,2,4.9,9740,6.3,6.863333333,13.2
01/06/2014 00:00,1.359947609,0.076666667,-7.7,572766.391,442.6567333,0.8,5.323333333,530038.6667,162509.7,0.366666667,20.26666667,147658.9,0.3,0.5,0.15,0.6,9364156,4.206666667,-0.8,1.8,18326,11.5,559.6666667,23.7,18.46666667,82.5,15.7,3601.7,1.9,-29299,4333.566667,199153,0.9,26.06666667,238918,3.5,2.1,0.25,1.4,11330.7,1.933333333,1.9,4.6,9460,6.1,6.863333333,13.3
01/07/2014 00:00,1.353448141,0.03,-8.5,572724.722,444.2985667,0.8,10.80333333,533637.6667,173305.1,0.4,20.16666667,153476.3,1.8,0.4,0.15,2.5,9395438,4.286666667,-1.3,0.2,18453,11.6,563,23.8,18.63333333,81.8,22,3636.633333,1.9,-30627,4362.166667,199490,1.066666667,26,239237,4.1,2,0.25,2.7,11405.8,1.9,1.7,4.2,9637,6.2,6.893333333,13.6
01/08/2014 00:00,1.331030465,0.03,-10.3,566595.959,444.2985667,0.9,10.80333333,533637.6667,140122.1,0.4,20.16666667,133367.9,-0.5,0.4,0.15,0,9446860,4.286666667,-1.5,1.7,18270,11.5,563,23.6,18.63333333,82.5,16,3636.633333,1.7,-30627,4362.166667,199920,1.066666667,26,238065,3.3,1.7,0.25,1.3,11443.6,1.9,1.8,5.3,9616,6.2,6.893333333,13
01/09/2014 00:00,1.288339922,0.03,-11.6,568483.699,444.2985667,0.8,10.80333333,533637.6667,172037.1,0.4,20.16666667,154584.9,0.5,0.3,0.05,0.9,9484550,4.286666667,-1.5,1,18358,11.5,563,23.4,18.63333333,84.6,16.6,3636.633333,1.7,-30627,4362.166667,197418,1.066666667,26,239485,3.1,1.7,0.25,1.2,11481.4,1.9,1.6,5.1,9255,5.9,6.893333333,13.7
01/10/2014 00:00,1.267585179,0.033333333,-11.3,569336.762,446.5893667,0.7,14.26,534713,180238.9,0.466666667,20.13333333,158040.4,0.8,0.4,0.05,1.2,9496315,4.25,-1.4,1.6,18361,11.5,564,23.3,18.3,86.9,11.7,3681.733333,1.8,-34250.33333,4401.366667,200144,0.9,25.96666667,240772,3.2,1.7,0.25,1.1,11521.7,1.9,1.5,4.9,8964,5.7,6.91,12.7
01/11/2014 00:00,1.246456532,0.033333333,-11.8,566080.942,446.5893667,0.7,14.26,534713,163670.4,0.466666667,20.13333333,143923.4,-0.6,0.3,0.05,0.2,9565715,4.25,-1.5,1.4,18342,11.5,564,23.3,18.3,88.8,15.6,3681.733333,1.7,-34250.33333,4401.366667,198017,0.9,25.96666667,237607,3.7,1.3,0,2,11564.7,1.9,1.4,5,9060,5.8,6.91,12.7
01/12/2014 00:00,1.230510731,0.033333333,-11.1,564752.061,446.5893667,0.7,14.26,534713,162328.5,0.466666667,20.13333333,138676.9,0.9,-0.2,0.05,1.6,9669289,4.25,-2.7,3.3,18053,11.3,564,23,18.3,93.6,26.2,3681.733333,1.6,-34250.33333,4401.366667,197177,0.9,25.96666667,239813,3.2,0.8,0.25,1.6,11630.5,1.9,1.1,3.9,8718,5.6,6.91,12.4
01/01/2015 00:00,1.160724867,0.086666667,-8.5,564416.693,448.6008,0.6,11.22333333,537352.6667,148053.9,0.6,20,141433.4,0.9,-0.6,0.05,0.7,9746427,4.21,-3.5,3,17923,11.3,562,22.8,17.43333333,98.1,14.1,3715.1,1.6,-36009.66667,4434.866667,191774,1.266666667,25.7,233593,2.9,-0.1,0.25,2.3,11706.5,1.766666667,0,4.1,8962,5.7,6.963333333,12.2
01/02/2015 00:00,1.134933862,0.086666667,-6.7,560485.552,448.6008,0.7,11.22333333,537352.6667,161180.2,0.6,20,141797.2,2.1,-0.3,0.05,1.7,9760451,4.21,-2.8,2.7,17801,11.2,562,22.7,17.43333333,95.4,19,3715.1,1.7,-36009.66667,4434.866667,190110,1.266666667,25.7,226309,1.7,0,0.25,0.7,11826.3,1.766666667,-0.5,2.4,8663,5.5,6.963333333,11.9
01/03/2015 00:00,1.081651023,0.086666667,-3.7,564981.544,448.6008,0.6,11.22333333,537352.6667,182728.4,0.6,20,163628.9,2.8,-0.1,0.05,2.7,9808354,4.21,-2.3,2,17784,11.2,562,22.7,17.43333333,93,22.7,3715.1,1.8,-36009.66667,4434.866667,191051,1.266666667,25.7,240092,0.5,-0.1,0.25,0.2,11845.7,1.766666667,-0.9,2.9,8538,5.4,6.963333333,12.3
01/04/2015 00:00,1.080312179,0.056666667,-4.6,565347.16,450.6132333,0.6,12.37666667,540799,173745.8,0.666666667,19.9,153673.4,1.1,0,0.05,1.4,9858774,4.146666667,-2.1,2.7,17631,11.1,566.3333333,22.6,17.66666667,95.9,20.8,3742.633333,1.8,-35498.66667,4450.833333,192593,1.1,26.36666667,233317,-0.1,-0.2,0.25,0.3,11895.9,1.933333333,-1.1,2,8521,5.4,7,11.6
01/05/2015 00:00,1.115872831,0.056666667,-5.6,566579.434,450.6132333,0.9,12.37666667,540799,164348.8,0.666666667,19.9,146269.5,2.2,0.3,0.05,2.8,9913263,4.146666667,-2.1,3.2,17598,11,566.3333333,22.4,17.66666667,90.7,18.1,3742.633333,1.7,-35498.66667,4450.833333,190972,1.1,26.36666667,230731,-0.8,0,0.25,0.1,11937.1,1.933333333,-0.8,2.7,8655,5.5,7,12.2
01/06/2015 00:00,1.122256485,0.056666667,-5.6,580056.635,450.6132333,0.8,12.37666667,540799,182846.3,0.666666667,19.9,157769.9,2.4,0.2,0.05,2.9,9946028,4.146666667,-2.1,3.1,17511,11,566.3333333,22.6,17.66666667,96.1,24.7,3742.633333,1.8,-35498.66667,4450.833333,190685,1.1,26.36666667,233181,-1.4,0.1,0.25,-0.6,11982.4,1.933333333,-0.5,2.6,8251,5.3,7,12
01/07/2015 00:00,1.10048862,0.113333333,-7.2,580278.5,452.5942,1,12.05,544131,185051.8,0.633333333,19.83333333,154959.4,2.6,0.2,0.05,2.4,10011422,4.143333333,-2.1,4.1,17185,10.8,566.6666667,22.1,16.7,93.1,18.2,3768.2,1.8,-38854.33333,4492.366667,190262,0.8,26.36666667,230706,-0.9,0.2,0.25,-0.2,12059.1,1.966666667,-0.7,3.1,8235,5.2,7.04,11.7
01/08/2015 00:00,1.114122677,0.113333333,-6.9,580625.611,452.5942,0.9,12.05,544131,147910.1,0.633333333,19.83333333,137005.4,3.2,0.1,0.05,3.7,10041925,4.143333333,-2.7,2.6,17035,10.7,566.6666667,22.2,16.7,91.9,13.3,3768.2,1.8,-38854.33333,4492.366667,186924,0.8,26.36666667,231174,-0.9,0.2,0.25,0.1,12138.5,1.966666667,-1,2.3,8017,5.1,7.04,10.9
01/09/2015 00:00,1.124290348,0.113333333,-7.1,583239.825,452.5942,0.9,12.05,544131,173154.9,0.633333333,19.83333333,154385,2.1,-0.1,0.05,2.5,10072317,4.143333333,-3.3,2.9,16922,10.6,566.6666667,22.2,16.7,87.2,27.5,3768.2,1.9,-38854.33333,4492.366667,187263,0.8,26.36666667,229325,-1.4,0,0.25,-0.2,12195,1.966666667,-1.1,2.5,7877,5,7.04,11.1
01/10/2015 00:00,1.122172569,0.136666667,-7.6,595115.663,454.3678,1.1,14.56666667,546703.3333,180777.4,0.633333333,19.73333333,157760.9,2.7,0.1,0.05,3.1,10126793,4.203333333,-3.2,2.3,16902,10.6,568.6666667,22.2,15.96666667,90,15.4,3793.1,1.9,-34503,4551.466667,185501,0.666666667,26.4,227098,-1.7,0.2,0.25,0,12200.4,2.033333333,-1.4,1.9,7869,5,7.086666667,11.1
01/11/2015 00:00,1.072244428,0.136666667,-6,595569.897,454.3678,0.9,14.56666667,546703.3333,173852.7,0.633333333,19.73333333,150812.6,2.2,0.2,0.05,2.6,10182562,4.203333333,-3.2,1.4,16739,10.5,568.6666667,21.8,15.96666667,91.3,18.7,3793.1,2,-34503,4551.466667,183854,0.666666667,26.4,224781,-3,0.5,0.25,-0.9,12288.1,2.033333333,-1.3,1.9,7939,5,7.086666667,11.2
01/12/2015 00:00,1.091259941,0.136666667,-5.8,597157.787,454.3678,0.9,14.56666667,546703.3333,168730.4,0.633333333,19.73333333,144362,0.6,0.2,0.05,1.5,10201823,4.203333333,-2.9,1.8,16694,10.4,568.6666667,21.7,15.96666667,92.6,6.9,3793.1,2.1,-34503,4551.466667,182919,0.666666667,26.4,224044,-3.3,0.7,0.5,-0.8,12330,2.033333333,-1.1,3.1,7927,5,7.086666667,11.2
01/01/2016 00:00,1.086191657,0.046666667,-6.4,594209.537,457.6210667,1,12.86333333,550298.6667,144853.8,0.566666667,19.6,140031.7,3.5,0.3,0.05,4.5,10272279,4.106666667,-3,1.3,16575,10.3,571,21.6,17.23333333,92,16.7,3810.166667,2.2,-39736.66667,4573.1,178660,0.466666667,26.13333333,222070,-2,1.4,0.5,0.1,12418.3,2.066666667,0,2.8,7829,4.9,7.133333333,10.3
01/02/2016 00:00,1.110976375,0.046666667,-8.9,595695.978,457.6210667,0.8,12.86333333,550298.6667,163187.1,0.566666667,19.6,145007.5,0.7,-0.2,0.05,1.8,10311477,4.106666667,-4.1,2,16564,10.3,571,21.5,17.23333333,91.7,13.4,3810.166667,2.3,-39736.66667,4573.1,180892,0.466666667,26.13333333,226182,-2.1,1,0.5,0.4,12472.8,2.066666667,0,3.9,7845,4.9,7.133333333,10.5
01/03/2016 00:00,1.112894278,0.046666667,-9.8,600298.283,457.6210667,1,12.86333333,550298.6667,179224.6,0.566666667,19.6,150898.7,0,0,0,0,10345398,4.106666667,-4,1.4,16382,10.2,571,21.3,17.23333333,91,24,3810.166667,2.2,-39736.66667,4573.1,179897,0.466666667,26.13333333,217277,-2.4,0.9,0.5,-0.1,12567.2,2.066666667,-0.1,2,7977,5,7.133333333,10.4
01/04/2016 00:00,1.133745504,0.076666667,-9.4,602365.061,459.6095333,0.7,13.83,552959.3333,171686.4,0.533333333,19.63333333,146001.8,2.1,-0.2,0,2,10374360,4.14,-4.4,0.9,16435,10.2,572,21.3,17.6,89,19.2,3845.9,2.1,-36066.66667,4647,181895,0.4,26.26666667,220317,-1.7,1.1,0.5,-0.2,12652.2,1.933333333,0,2.7,7910,5,7.176666667,10.8
01/05/2016 00:00,1.12977888,0.076666667,-7.1,599298.945,459.6095333,0.8,13.83,552959.3333,167897.1,0.533333333,19.63333333,144571,0.4,-0.1,0,0.3,10415513,4.14,-3.8,0.8,16309,10.1,572,21.1,17.6,94.7,20.9,3845.9,2.2,-36066.66667,4647,182166,0.4,26.26666667,223686,-1.5,1,0.5,-0.3,12733,1.933333333,-0.1,2.1,7451,4.7,7.176666667,10.4
01/06/2016 00:00,1.124167378,0.076666667,-7.3,605132.153,459.6095333,0.9,13.83,552959.3333,180228.3,0.533333333,19.63333333,151285.5,0.8,0.1,0,1.2,10456784,4.14,-3.1,0.8,16264,10.1,572,21,17.6,93.5,14.5,3845.9,2.2,-36066.66667,4647,183770,0.4,26.26666667,227605,-0.8,1,0.5,0.2,12807.6,1.933333333,0.3,3.2,7799,4.9,7.176666667,10.7
01/07/2016 00:00,1.107289545,0.143333333,-8,604818.199,461.3889667,0.9,12.91333333,555335.6667,167574.9,0.566666667,19.56666667,142819,-0.4,0.2,0,0.1,10512568,4.096666667,-2.6,0.9,16065,10,576,20.8,17.23333333,90,16.7,3872.7,2.2,-36756.66667,4702.4,185330,0.5,26.46666667,226624,-1.2,0.8,0.5,-0.3,12893.3,1.9,-0.2,2.2,7749,4.9,7.226666667,10.8
01/08/2016 00:00,1.120943635,0.143333333,-8.6,606504.71,461.3889667,0.8,12.91333333,555335.6667,160557.2,0.566666667,19.56666667,143063.3,2.2,0.2,0,2.5,10549072,4.096666667,-1.9,1.2,15963,9.9,576,20.6,17.23333333,89.8,25.1,3872.7,2.3,-36756.66667,4702.4,187385,0.5,26.46666667,228514,-1.3,1.1,0.5,-0.6,13005.8,1.9,0,2.1,7853,4.9,7.226666667,10.2
01/09/2016 00:00,1.120774405,0.143333333,-8.3,608943.719,461.3889667,0.8,12.91333333,555335.6667,177053.8,0.566666667,19.56666667,152695.2,1.4,0.4,0,1.4,10579151,4.096666667,-1.5,0.9,15871,9.9,576,20.5,17.23333333,91.2,17.9,3872.7,2.2,-36756.66667,4702.4,188123,0.5,26.46666667,226588,-1.2,1.5,0.5,-0.1,13070.6,1.9,0.7,3.2,7904,4.9,7.226666667,10.3
01/10/2016 00:00,1.103010181,0.246666667,-8,612234.128,463.2991,0.8,13.43333333,558293.6667,172614.2,0.633333333,19.53333333,152966.8,0.7,0.5,0,0.4,10589495,4.023333333,-0.5,2.9,15709,9.8,581.6666667,20.3,18.16666667,87.2,21,3900.7,2.1,-38002,4760.4,185599,0.6,26.5,228668,-0.8,1.6,0.5,-0.1,13137.5,1.5,0.8,4,7740,4.8,7.266666667,10.4
01/11/2016 00:00,1.078536168,0.246666667,-6.2,613325.657,463.2991,0.8,13.43333333,558293.6667,183489,0.633333333,19.53333333,159310,3.4,0.6,0,3,10667398,4.023333333,0,2.5,15692,9.7,581.6666667,20.6,18.16666667,93.8,24.5,3900.7,2.1,-38002,4760.4,184848,0.6,26.5,231221,-0.4,1.7,0.5,0.2,13223.2,1.5,1.3,3.7,7409,4.6,7.266666667,10.1
01/12/2016 00:00,1.053170156,0.246666667,-5.2,617055.685,463.2991,0.9,13.43333333,558293.6667,179161.6,0.633333333,19.53333333,151475.3,2.7,1.1,0,2,10686336,4.023333333,1.6,1.3,15515,9.6,581.6666667,20.3,18.16666667,98.2,11.8,3900.7,2.2,-38002,4760.4,189507,0.6,26.5,234114,0.8,2.1,0.75,0.7,13246.9,1.5,1.6,4,7529,4.7,7.266666667,10
01/01/2017 00:00,1.063292183,0.273333333,-4.9,617514.838,464.8686667,0.9,14.90666667,564446,163399.8,0.633333333,19.5,164807.5,0.5,1.8,0,-0.7,10744461,4.103333333,3.9,1.3,15427,9.6,583,19.9,19.06666667,98.5,15.1,3919.333333,2.3,-38927,4809.5,191698,0.666666667,26.23333333,240473,0,2.5,0.75,0.5,13270.1,1.766666667,1.6,5.6,7635,4.8,7.3,10.1
01/02/2017 00:00,1.063763692,0.273333333,-6.4,618078.323,464.8686667,0.9,14.90666667,564446,171547.2,0.633333333,19.5,155136.3,1.4,2,0,1.2,10797590,4.103333333,4.5,1.7,15198,9.5,583,19.5,19.06666667,96.3,18.5,3919.333333,2.2,-38927,4809.5,192311,0.666666667,26.23333333,236818,0.4,2.7,0.75,1,13313.1,1.766666667,2.2,4.7,7528,4.7,7.3,9.9
01/03/2017 00:00,1.069801024,0.273333333,-5.1,625089.12,464.8686667,0.7,14.90666667,564446,205344.4,0.633333333,19.5,176261.9,2.2,1.5,0,3.2,10877202,4.103333333,3.9,2.6,15092,9.4,583,19.3,19.06666667,96.9,14,3919.333333,2,-38927,4809.5,192218,0.666666667,26.23333333,237029,1.4,2.4,1,0.5,13390.6,1.766666667,2.3,4.8,7202,4.5,7.3,9.1
01/04/2017 00:00,1.071894029,0.383333333,-3.6,627796.078,467.3333333,1.2,9.366666667,569850,168865.6,0.733333333,19.36666667,152138.8,1.2,1.9,0,1.5,10897639,4.02,4.3,2.4,14813,9.2,0,19.2,19.26666667,97,12.8,3951.466667,1.9,-41045.66667,4788.233333,191569,0.733333333,26.06666667,238944,2,2.2,1,1.7,13435.6,1.266666667,2.5,4.5,7056,4.4,7.343333333,9.4
01/05/2017 00:00,1.106231826,0.383333333,-3.3,633296.445,467.3333333,0.9,9.366666667,569850,190717.5,0.733333333,19.36666667,170393.6,3.9,1.4,0,4.3,10923250,4.02,3.4,2.4,14759,9.2,0,19.3,19.26666667,97.1,18.1,3951.466667,1.7,-41045.66667,4788.233333,192308,0.733333333,26.06666667,238703,2.1,1.9,1,1.3,13495.5,1.266666667,2.4,4.2,6861,4.3,7.343333333,8.8
01/06/2017 00:00,1.122538616,0.383333333,-1.3,637016.728,467.3333333,1.1,9.366666667,569850,187244.2,0.733333333,19.36666667,160656.7,2.6,1.3,0,2.4,10980213,4.02,2.5,3.1,14613,9.1,0,19,19.26666667,95.1,11.5,3951.466667,1.7,-41045.66667,4788.233333,194946,0.733333333,26.06666667,238489,2.1,1.6,1.25,1.3,13519.3,1.266666667,2,3.4,6977,4.4,7.343333333,9.1
01/07/2017 00:00,1.153839176,0,-1.7,640831.723,470,1.2,13.93666667,573145,0,0.833333333,0,0,0,1.3,0,0,10997684,4.006666667,0,0,14749,9.1,0,19.1,0,93.4,17.7,3974,1.7,-33533.33333,4821.666667,194381,0.766666667,26.16666667,238071,2.2,1.7,1.25,1.2,13602.2,1.033333333,1.9,4.2,6981,4.3,7.41,9
01/08/2017 00:00,1.182032551,0,-1.5,642135.568,470,1.2,13.93666667,573145,171527,0.833333333,0,155440,3.8,1.5,0,4.4,11082855,4.006666667,0,0,0,0,0,0,0,96.8,13.1,0,0,0,0,0,0,0,0,0,0,1.25,0,13647,0,0,0,0,0,0,0
01/09/2017 00:00,1.191431186,0,0,644847,470,0,13.93666667,573145,187068,0.833333333,0,160703,3.3,0,0,0,11114735,4.006666667,2.9,3.7,14402,8.9,0,18.7,0,0,20.83,0,1.7,0,4821.666667,196816,0,0,240311,1.6,2.2,1.25,1,13692,0,2.6,4.4,0,0,0,9.1
01/09/2017 00:00,1.177548257,0,0,0,0,0,35.9,0,187857,0,0,168934,3.7,0,0,4.4,0,0,0,0.4,0,0,0,0,0,0,20.83,0,0,0,4821.666667,0,0,0,0,0,0,0,0,0,0,0,0,0,0,0,0
01/09/2017 00:00,1.177548257,0,0,0,0,0,0,0,0,0,0,0,0,0,0,0,0,0,0,0.4,0,0,0,0,0,0,0,0,0,0,4821.666667,0,0,0,0,0,0,0,0,0,0,0,0,0,0,0,0
01/10/2017 00:00,1.177548257,0.553333333,-1,648726,470.3333333,0.9,15.27,0,0,0.9,0,0,0,1.4,0,0,11132651,0,2.5,0,14242,8.8,0,18.6,19.9,101,20.52,4009.333333,1.8,0,4863,195907,0.833333333,0,244639,2.9,2,0,2.5,13747,0.8,2.8,4.6,6520,4.1,7.433333333,9
01/11/2017 00:00,1.17626556,0.553333333,0.1,651438,470.3333333,0.9,15.27,0,197508,0.9,0,171236,3.2,1.5,0,4.2,11183767,0,2.8,2.8,14163,8.7,0,18.2,19.9,97.8,27.95,4009.333333,1.7,0,4863,200222,0.833333333,0,250719,3.4,2.2,1.25,2.4,13785,0.8,3.1,5.8,6610,4.1,7.433333333,9.6
01/12/2017 00:00,1.184152422,0.553333333,0.5,653889,470.3333333,0.9,15.27,0,180711,0.9,0,155296,5.2,1.4,0,5.9,11199918,0,2.2,1.9,14034,8.7,0,17.9,19.9,96.8,18.45,4009.333333,1.8,0,4863,203351,0.833333333,0,256469,3.6,2.1,1.5,2.4,13844,0.8,2.6,5.4,6576,4.1,7.433333333,8.9
01/01/2018 00:00,1.217640549,0,1.3,653908,0,1,0,0,0,0,0,0,2.7,1.3,0,5.2,11260807,0,1.5,2.3,14005,8.6,0,17.7,0,94.4,13.91,0,1.8,0,0,200910,0,0,257510,3.7,2.1,1.5,1.8,13838,0,2.7,3.6,6684,4.1,0,9.2
01/02/2018 00:00,1.235933922,0,0.1,0,0,1,0,0,0,0,0,0,0,1.2,0,0,0,0,0,0,0,0,0,0,0,99.9,0,0,1.8,0,0,0,0,0,0,0,2.2,1.5,0,0,0,2.8,4,6706,4.1,0,0