date,gbpusd,uk_business_confidence,uk_consumer_confidence,uk_consumer_credit_change,uk_consumer_spending,uk_core_inflation_rate,uk_current_account,uk_disposasble_personal_income,uk_exports,uk_gdp_yoy,uk_households_debt_to_gdp,uk_imports,uk_industrial_production,uk_inflation_rate,uk_interest_rate,uk_manufacturing_production,uk_money_supply_m2,uk_personal_savings_ratio,uk_ppi_change_yoy,uk_retail_sales_yoy,uk_unemployed_persons,uk_unemployment_rate,uk_wages,uk_youth_unemployment_rate,us_business_confidence,us_consumer_confidence,us_consumer_credit_change,us_consumer_spending,us_core_inflation_rate,us_current_account,us_disposasble_personal_income,us_exports,us_gdp_yoy,us_households_debt_to_gdp,us_imports,us_industrial_production,us_inflation_rate,us_interest_rate,us_manufacturing_production,us_money_supply_m2,us_personal_savings_ratio,us_ppi_change_yoy,us_retail_sales_yoy,us_unemployed_persons,us_unemployment_rate,us_wages,us_youth_unemployment_rate
01/02/2000 00:00,1.59860547,3,2,1335,76093.66667,0.2,-1829.333333,77622.66667,21086,1.466666667,21.13333333,22648,3.6,0.9,6,4.2,553125,2.6,1.2,4.5,1152.2,5.8,103.6666667,12.4,18.3,111.3,10.7,2684.966667,2.2,-31646.66667,2428.633333,86142,1.4,21.9,116071,4.6,3.2,5.75,4.7,4658.7,1.3,3.98,9,5858,4.1,4.613333333,9.9
01/03/2000 00:00,1.579483907,3,-2,1615,76093.66667,0.1,-1829.333333,77622.66667,21861,1.466666667,21.13333333,23005,2.7,0.6,6,3,557369,2.6,1.2,4.1,1144,5.8,103.6666667,12.7,18.3,107.1,12.3,2684.966667,2.4,-31646.66667,2428.633333,87368,1.4,21.9,118523,4.8,3.8,6,5.5,4689.6,1.3,4.35,9.8,5733,4,4.613333333,9.6
01/04/2000 00:00,1.581582964,-0.666666667,-4,928,76483,0,-2212.333333,78877.66667,21833,1.666666667,21.3,23534,3.5,0.6,6,3.8,560987,2.733333333,1.2,6.3,1113.3,5.7,103.6666667,12.7,17.13333333,109.2,9.1,2710.733333,2.3,-32288.66667,2461.1,88855,1.766666667,22.03333333,117655,5.3,3.1,6,5.8,4742.9,1.4,3.64,7.4,5481,3.8,4.66,9.2
01/05/2000 00:00,1.505666001,-0.666666667,2,1552,76483,0,-2212.333333,78877.66667,22041,1.666666667,21.3,23740,2.9,0.5,6,3.2,563316,2.733333333,1.2,3.5,1104.7,5.6,103.6666667,12.3,17.13333333,110.7,13,2710.733333,2.4,-32288.66667,2461.1,88017,1.766666667,22.03333333,117830,4.7,3.2,6.5,4.7,4733.6,1.4,3.7,6.5,5758,4,4.66,9.8
01/06/2000 00:00,1.5083239,-0.666666667,0,1033,76483,-0.1,-2212.333333,78877.66667,22868,1.666666667,21.3,24415,2.8,0.8,6,2.9,565827,2.733333333,1.6,2.8,1093.6,5.5,103.6666667,11.8,17.13333333,106.4,26,2710.733333,2.5,-32288.66667,2461.1,90771,1.766666667,22.03333333,121737,5,3.7,6.5,5.3,4750.8,1.4,4.45,7,5651,4,4.66,9.3
01/07/2000 00:00,1.508475586,-3.333333333,-3,1215,77325.33333,-0.1,-1989.666667,80972.33333,22011,1.166666667,21.4,24452,1.4,0.9,6,1.7,568893,3.2,1.8,2.7,1074.7,5.3,105.6666667,11.7,16.56666667,108.3,20.2,2737.1,2.5,-34977.66667,2503.933333,90421,1.366666667,22.3,121848,4.2,3.7,6.5,4.9,4768.7,1.266666667,4.29,5.9,5747,4,4.71,9.3
01/08/2000 00:00,1.490160599,-3.333333333,1,726,77325.33333,0,-1989.666667,80972.33333,23013,1.166666667,21.4,24547,1,0.6,6,1.6,572413,3.2,1.4,3.8,1060.4,5.3,105.6666667,11.9,16.56666667,107.3,21.9,2737.1,2.6,-34977.66667,2503.933333,92424,1.366666667,22.3,122459,3.4,3.4,6.5,3.6,4796.7,1.266666667,3.37,4.9,5853,4.1,4.71,9.3
01/09/2000 00:00,1.436134275,-3.333333333,-5,1115,77325.33333,0.1,-1989.666667,80972.33333,22782,1.166666667,21.4,24694,-0.1,1,6,-0.1,578745,3.2,1.4,3.9,1044.8,5.3,105.6666667,12,16.56666667,106.8,17.4,2737.1,2.6,-34977.66667,2503.933333,92347,1.366666667,22.3,126365,4.3,3.5,6.5,4.4,4832.3,1.266666667,3.49,6.2,5625,3.9,4.71,8.9
01/10/2000 00:00,1.450878966,-3,0,1324,78048,0.3,-1711.333333,81545.66667,23494,0.733333333,21.56666667,25077,0,1,6,1.1,584987,3.4,1.7,3.9,1044.7,5.4,108.3333333,12,14.63333333,105.8,15.6,2761.466667,2.5,-35570.66667,2519.333333,91511,0.966666667,22.56666667,124734,2.6,3.4,6.5,2.6,4848.7,1.166666667,3.7,5.8,5534,3.9,4.763333333,8.9
01/11/2000 00:00,1.425475628,-3,-2,1201,78048,0.2,-1711.333333,81545.66667,23926,0.733333333,21.56666667,25655,0.6,1.1,6,1.6,583450,3.4,1.7,3.3,1035.6,5.3,108.3333333,12,14.63333333,107.6,16.4,2761.466667,2.6,-35570.66667,2519.333333,91388,0.966666667,22.56666667,123996,2.1,3.4,6.5,1.7,4859.6,1.166666667,3.78,4.2,5639,3.9,4.763333333,9.1
01/12/2000 00:00,1.466340966,-3,-1,998,78048,0.2,-1711.333333,81545.66667,23879,0.733333333,21.56666667,25743,1.3,0.8,6,2.2,594470,3.4,1.3,3.1,1029.9,5.2,108.3333333,11.9,14.63333333,98.4,16,2761.466667,2.6,-35570.66667,2519.333333,90431,0.966666667,22.56666667,123885,1.1,3.4,6.5,0.5,4903.7,1.166666667,3.56,2.2,5634,3.9,4.763333333,9.2
01/01/2001 00:00,1.478690238,-1,5,1051,78361.33333,0.5,-1438.666667,82524,24176,0.833333333,21.8,25632,1.1,0.9,6,2.1,594902,3.5,0.8,2.1,1008.6,5.2,108.6666667,11.9,14.36666667,94.7,12.9,2773.133333,2.6,-35094.33333,2561.3,90331,0.766666667,22.56666667,125148,0.4,3.7,5.5,-0.2,4953.5,1.5,4.83,4,6023,4.2,4.806666667,9.6
01/02/2001 00:00,1.452924667,-1,2,1305,78361.33333,0.4,-1438.666667,82524,24270,0.833333333,21.8,25904,-0.6,0.8,5.75,0.1,599449,3.5,0.6,5.1,999.5,5.2,108.6666667,11.6,14.36666667,90.6,18.9,2773.133333,2.7,-35094.33333,2561.3,90181,0.766666667,22.56666667,119530,-0.5,3.5,5.5,-1,4991.3,1.5,3.97,2.5,6089,4.2,4.806666667,9.6
01/03/2001 00:00,1.445191865,-1,3,1091,78361.33333,0.5,-1438.666667,82524,23778,0.833333333,21.8,25888,-0.4,0.9,5.75,0.2,605002,3.5,0.2,4.8,990.9,5.1,108.6666667,11.4,14.36666667,91.5,11.8,2773.133333,2.7,-35094.33333,2561.3,88454,0.766666667,22.56666667,121186,-1.1,2.9,5,-1.9,5048.1,1.5,3,0.5,6141,4.3,4.806666667,9.8
01/04/2001 00:00,1.435763071,-9.666666667,1,1484,79057,0.9,-2159,82559.66667,23677,0.833333333,22.16666667,25621,-1.3,1.2,5.5,-1.5,610625,3.266666667,-0.1,3.2,975.5,5,109.6666667,11.2,14.4,88.4,12.6,2780.266667,2.6,-31564.33333,2566.866667,86748,0.3,23.03333333,117966,-2.1,3.3,4.5,-2.9,5107.5,1.233333333,3.73,3.6,6271,4.4,4.85,10.2
01/05/2001 00:00,1.426400594,-9.666666667,2,1801,79057,1.1,-2159,82559.66667,23453,0.833333333,22.16666667,25848,-1.5,1.7,5.25,-1.6,615049,3.266666667,0.2,6.5,974.9,4.9,109.6666667,11.3,14.4,92,8.1,2780.266667,2.5,-31564.33333,2566.866667,87256,0.3,23.03333333,114702,-2.9,3.6,4,-3.4,5110,1.233333333,3.93,3.7,6226,4.3,4.85,9.9
01/06/2001 00:00,1.402064866,-9.666666667,6,1240,79057,1.3,-2159,82559.66667,23525,0.833333333,22.16666667,26265,-1.9,1.7,5.25,-1.2,622688,3.266666667,-0.2,6.2,961.6,5,109.6666667,11.6,14.4,92.6,11.2,2780.266667,2.7,-31564.33333,2566.866667,85035,0.3,23.03333333,114175,-3.6,3.2,3.75,-4.3,5150.5,1.233333333,2.6,2.5,6484,4.5,4.85,10.4
01/07/2001 00:00,1.41480652,-7.333333333,4,1417,80382,1.5,-1931.333333,83910,22998,0.966666667,22.6,25224,-1.8,1.4,5.25,-1.5,625164,3.233333333,-0.6,7.5,951.8,5,110.3333333,11.7,15.4,92.4,5,2790.4,2.7,-34403.66667,2622.066667,82833,0.166666667,23.46666667,112914,-4,2.7,3.75,-4.8,5180.1,2.1,1.37,2.5,6583,4.6,4.88,10.2
01/08/2001 00:00,1.436696838,-7.333333333,0,1331,80382,1.8,-1931.333333,83910,22541,0.966666667,22.6,25691,-1.2,1.8,5,-0.7,630136,3.233333333,-0.4,5.7,951.2,5.1,110.3333333,11.8,15.4,91.5,9,2790.4,2.7,-34403.66667,2622.066667,83787,0.166666667,23.46666667,111958,-3.9,2.7,3.5,-4.6,5213.3,2.1,1.95,3.1,7042,4.9,4.88,11.2
01/09/2001 00:00,1.463183767,-7.333333333,-1,1494,80382,1.3,-1931.333333,83910,22449,0.966666667,22.6,24400,-1.3,1.3,4.75,-1.9,634599,3.233333333,-0.6,6.7,946.1,5.1,110.3333333,11.8,15.4,81.8,7.9,2790.4,2.6,-34403.66667,2622.066667,77367,0.166666667,23.46666667,108508,-4.6,2.6,3,-5.2,5324.1,2.1,1.58,-0.5,7142,5,4.88,10.8
01/10/2001 00:00,1.450328322,-18,-6,1605,81260.33333,1.1,-1718,85118.66667,22980,1.033333333,23.03333333,24904,-2.5,1.2,4.5,-2.7,638016,3.233333333,-0.9,6.7,953,5.1,112,12,15.1,82.7,15.6,2833.033333,2.6,-28833,2598.766667,77883,0.066666667,23.93333333,108722,-4.8,2.1,2.5,-5.5,5310,1.266666667,-0.29,6.4,7694,5.3,4.916666667,11.5
01/11/2001 00:00,1.436514639,-18,-3,1707,81260.33333,1.1,-1718,85118.66667,22391,1.033333333,23.03333333,24417,-3.7,0.8,4,-4.6,644403,3.233333333,-1.4,7.7,959.7,5.1,112,12.2,15.1,83.9,28,2833.033333,2.8,-28833,2598.766667,77999,0.066666667,23.93333333,107735,-5.3,1.9,2,-5.6,5353,1.266666667,-1.21,4,8003,5.5,4.916666667,11.6
01/12/2001 00:00,1.440876772,-18,-1,1865,81260.33333,1.4,-1718,85118.66667,21830,1.033333333,23.03333333,24382,-3.2,1.1,4,-4.6,646982,3.233333333,-1.2,8.6,966.5,5.2,112,12.1,15.1,88.8,10,2833.033333,2.7,-28833,2598.766667,77780,0.066666667,23.93333333,104618,-5,1.6,1.75,-4.8,5405.7,1.266666667,-1.65,2.9,8258,5.7,4.916666667,12.2
01/01/2002 00:00,1.43283699,-10.33333333,6,1852,81596,1.7,-1952.666667,84655.33333,22907,0.733333333,23.36666667,25214,-3.1,1.6,4,-4.4,650503,3.1,-0.7,6.7,958.2,5.2,111.3333333,11.8,17.46666667,93,-0.4,2841.533333,2.6,-34050,2669.266667,78920,0.466666667,24.16666667,108275,-3.8,1.1,1.75,-3.7,5425.9,1.766666667,-2.69,1.7,8182,5.7,4.94,12.1
01/02/2002 00:00,1.42331121,-10.33333333,5,1972,81596,1.6,-1952.666667,84655.33333,22786,0.733333333,23.36666667,25426,-2.3,1.5,4,-2.9,654902,3.1,-0.6,6.7,951.9,5.1,111.3333333,12,17.46666667,90.7,14.5,2841.533333,2.6,-34050,2669.266667,78880,0.466666667,24.16666667,111167,-3.2,1.1,1.75,-3.1,5455.6,1.766666667,-2.62,2.2,8215,5.7,4.94,11.8
01/03/2002 00:00,1.423170403,-10.33333333,3,1658,81596,1.6,-1952.666667,84655.33333,23157,0.733333333,23.36666667,25949,-1.6,1.5,4,-2.3,662401,3.1,-0.6,8,947.5,5.2,111.3333333,11.9,17.46666667,95.7,12.8,2841.533333,2.4,-34050,2669.266667,79601,0.466666667,24.16666667,110425,-2.1,1.5,1.75,-2.1,5466.4,1.766666667,-1.56,2.8,8304,5.7,4.94,12.5
01/04/2002 00:00,1.44278207,7,4,1664,82581.33333,1.4,-2538,85869.66667,23615,0.733333333,23.86666667,26523,-0.7,1.4,4,-0.7,660662,3.233333333,-0.2,8.9,954.9,5.2,113.6666667,11.9,17.86666667,93,9.3,2856.033333,2.5,-37685.66667,2705.733333,81551,0.466666667,24.63333333,115217,-1.5,1.6,1.75,-1.7,5460.8,1.8,-2.12,2.9,8599,5.9,4.98,12.3
01/05/2002 00:00,1.459531398,7,6,1457,82581.33333,1.3,-2538,85869.66667,24836,0.733333333,23.86666667,27120,0.6,0.8,4,-0.3,667818,3.233333333,-0.5,6.2,947.1,5.2,113.6666667,11.7,17.86666667,96.9,10.7,2856.033333,2.5,-37685.66667,2705.733333,81724,0.466666667,24.63333333,115645,-0.4,1.2,1.75,-0.4,5494.4,1.8,-2.87,1.2,8399,5.8,4.98,11.6
01/06/2002 00:00,1.485332397,7,6,1681,82581.33333,1.3,-2538,85869.66667,23217,0.733333333,23.86666667,26173,-4.3,0.6,4,-6.6,674585,3.233333333,-0.4,5,949.7,5.2,113.6666667,12,17.86666667,92.4,12.6,2856.033333,2.3,-37685.66667,2705.733333,82741,0.466666667,24.63333333,117641,1.1,1.1,1.75,1.4,5519.6,1.8,-2.25,2.5,8393,5.8,4.98,11.8
01/07/2002 00:00,1.555421123,1.333333333,2,1832,83104,1.5,-1592.333333,85771.66667,24455,0.766666667,24.5,27254,-1.2,1.1,4,-1.1,677366,3.033333333,-0.2,5.8,950,5.2,114,11.9,16.83333333,88.1,12,2876,2.2,-37631,2711.966667,83036,0.766666667,25.03333333,116686,1.5,1.5,1.75,1.5,5560.7,1.633333333,-1.21,3.9,8390,5.8,5.023333333,12.1
01/08/2002 00:00,1.537117597,1.333333333,2,1945,83104,1.3,-1592.333333,85771.66667,22943,0.766666667,24.5,25649,-1.9,1,4,-2.4,681300,3.033333333,-0.1,6,945.7,5.2,114,12,16.83333333,87.6,8.3,2876,2.4,-37631,2711.966667,83422,0.766666667,25.03333333,119165,1.7,1.8,1.75,2.2,5601.7,1.633333333,-1.49,4,8304,5.7,5.023333333,12
01/09/2002 00:00,1.555722166,1.333333333,4,1923,83104,1.2,-1592.333333,85771.66667,23754,0.766666667,24.5,25980,-1,1,4,-1.2,686841,3.033333333,0,5.1,943.7,5.3,114,11.9,16.83333333,86.1,3.2,2876,2.2,-37631,2711.966667,82744,0.766666667,25.03333333,119263,2.2,1.5,1.75,2.6,5626.2,1.633333333,-1.77,4.5,8251,5.7,5.023333333,11.7
01/10/2002 00:00,1.55689656,-6.333333333,1,2103,83586.33333,1.6,-1727.333333,85783.33333,23090,0.933333333,24.86666667,26308,-0.5,1.4,4,-2,691205,2.733333333,0.2,5.2,939.5,5.2,114.6666667,12.2,17.2,80.6,6.5,2891.466667,2.2,-40898,2742.1,82028,0.666666667,25.63333333,117199,2.3,2,1.75,2.8,5670.1,1.5,0.72,-1.7,8307,5.7,5.07,11.8
01/11/2002 00:00,1.573257768,-6.333333333,2,1331,83586.33333,1.6,-1727.333333,85783.33333,22442,0.933333333,24.86666667,26159,-0.4,1.5,4,-0.7,699088,2.733333333,0.7,4.8,936.4,5.2,114.6666667,12.2,17.2,84.2,8,2891.466667,2,-40898,2742.1,83041,0.666666667,25.63333333,122665,3.4,2.2,1.25,3.6,5719.6,1.5,1.01,1.6,8520,5.9,5.07,12.1
01/12/2002 00:00,1.587570066,-6.333333333,-4,1806,83586.33333,1.7,-1727.333333,85783.33333,22829,0.933333333,24.86666667,25221,-0.6,1.7,4,-1.8,701194,2.733333333,0.8,3.8,935.2,5.1,114.6666667,12.1,17.2,86.7,6.9,2891.466667,1.9,-40898,2742.1,81017,0.666666667,25.63333333,124311,2.8,2.4,1.25,2.7,5740.4,1.5,1.16,3.6,8640,6,5.07,12.1
01/01/2003 00:00,1.616460451,-6.333333333,-3,1503,84341,1.5,-954,86471.33333,24646,1.066666667,25.06666667,26750,-1.5,1.3,4,-1.4,707324,2.966666667,1,3.4,939.3,5,116.3333333,12.4,15.43333333,82.4,10.5,2904.166667,1.9,-44638.66667,2772.233333,82110,0.533333333,25.93333333,122850,2.9,2.6,1.25,2.7,5772.3,1.533333333,2.47,4.1,8520,5.8,5.096666667,12
01/02/2003 00:00,1.610420817,-6.333333333,-9,1644,84341,1.7,-954,86471.33333,24851,1.066666667,25.06666667,26714,-0.9,1.6,3.75,-2.3,714955,2.966666667,1.1,2.2,942.5,5.1,116.3333333,12.6,15.43333333,79.9,10.8,2904.166667,1.7,-44638.66667,2772.233333,82779,0.533333333,25.93333333,122142,3.2,3,1.25,2.8,5808.6,1.533333333,3.34,2.1,8618,5.9,5.096666667,12.1
01/03/2003 00:00,1.582295278,-6.333333333,-10,1807,84341,1.5,-954,86471.33333,24455,1.066666667,25.06666667,27394,-1.7,1.5,3.75,-2.4,716046,2.966666667,1.6,1.9,941.2,5.2,116.3333333,12.4,15.43333333,77.6,7.8,2904.166667,1.7,-44638.66667,2772.233333,82580,0.533333333,25.93333333,125935,2.1,3,1.25,2.2,5828.5,1.533333333,3.97,4.3,8588,5.9,5.096666667,12
01/04/2003 00:00,1.574255606,-9,-5,1790,85647.66667,1.5,-2037.666667,87835,25236,1.133333333,25.5,26419,-2,1.4,3.75,-2,722230,2.8,0.8,1.1,936.1,5.1,116.6666667,12.3,16.33333333,86,12.9,2936.5,1.5,-42886.33333,2816.2,81429,0.666666667,26.53333333,123417,1,2.2,1.25,1.1,5859.5,1.633333333,2.38,2.4,8842,6,5.12,12.6
01/05/2003 00:00,1.622918329,-9,-3,1985,85647.66667,1.3,-2037.666667,87835,23889,1.133333333,25.5,26612,-3.4,1.3,3.75,-3,728140,2.8,0.4,1.1,947.2,5,116.6666667,12.1,16.33333333,92.1,13.4,2936.5,1.6,-42886.33333,2816.2,82172,0.666666667,26.53333333,122951,0.5,2.1,1.25,0.7,5929.8,1.633333333,2.45,4,8957,6.1,5.12,12.9
01/06/2003 00:00,1.662054533,-9,-2,1707,85647.66667,1,-2037.666667,87835,23136,1.133333333,25.5,26523,1.9,1.1,3.75,3.4,732902,2.8,0.4,4.3,947.1,4.9,116.6666667,12.6,16.33333333,89.7,5.8,2936.5,1.5,-42886.33333,2816.2,84632,0.666666667,26.53333333,124253,-0.3,2.1,1,0,5968.5,1.633333333,2.88,4.3,9266,6.3,5.12,13.2
01/07/2003 00:00,1.623562874,-4.333333333,-1,1968,86432.66667,1.3,-2429.666667,87700.66667,24505,1.2,26.03333333,26594,0.2,1.3,3.5,-0.3,739802,2.533333333,0.5,2.9,940.2,5.1,118,12.4,17.46666667,90.9,6.8,2979.8,1.5,-43286.66667,2857.133333,85373,1.066666667,27,126735,0.4,2.1,1,0.6,6013.4,1.5,3.03,4.3,9011,6.2,5.14,13
01/08/2003 00:00,1.592544783,-4.333333333,-3,1571,86432.66667,1.2,-2429.666667,87700.66667,24502,1.2,26.03333333,26455,-0.8,1.4,3.5,-1.6,747076,2.533333333,0.6,3.1,933.3,5.1,118,12.3,17.46666667,89.3,9.1,2979.8,1.3,-43286.66667,2857.133333,84247,1.066666667,27,124049,0.2,2.2,1,-0.1,6070.2,1.5,3.53,5.2,8896,6.1,5.14,12.3
01/09/2003 00:00,1.614609641,-4.333333333,-3,1668,86432.66667,1.3,-2429.666667,87700.66667,24087,1.2,26.03333333,27481,-0.8,1.4,3.5,-0.9,753179,2.533333333,0.4,3.7,928.7,5,118,11.9,17.46666667,87.7,8,2979.8,1.2,-43286.66667,2857.133333,86224,1.066666667,27,127930,0.7,2.3,1,0.6,6042,1.5,3.52,6.1,8921,6.1,5.14,12.8
01/10/2003 00:00,1.676800103,-2.333333333,-3,1781,86732.33333,1.2,-1429.666667,88680.66667,24848,1.2,26.5,27863,0.7,1.4,3.5,1,761821,2.833333333,0.4,3.4,922,5,119.3333333,11.6,20.03333333,89.6,8.4,3002.933333,1.3,-42105.33333,2903.833333,88195,1.466666667,27.43333333,129466,1.1,2,1,1.1,6032.3,1.6,3.41,5.2,8732,6,5.156666667,12.2
01/11/2003 00:00,1.691361436,-2.333333333,-6,1947,86732.33333,1.1,-1429.666667,88680.66667,24308,1.2,26.5,27406,0.3,1.3,3.75,1,767171,2.833333333,0.6,2.6,913,4.9,119.3333333,11.6,20.03333333,93.7,0.9,3002.933333,1.1,-42105.33333,2903.833333,90513,1.466666667,27.43333333,130355,1.4,1.8,1,1.7,6037.2,1.6,3.44,5.9,8576,5.8,5.156666667,12.1
01/12/2003 00:00,1.753164044,-2.333333333,-5,948,86732.33333,0.9,-1429.666667,88680.66667,24718,1.2,26.5,27356,0.8,1.3,3.75,2.9,774754,2.833333333,0.5,3.6,906,4.9,119.3333333,11.7,20.03333333,92.6,11,3002.933333,1.1,-42105.33333,2903.833333,90164,1.466666667,27.43333333,134228,1.9,1.9,1,2,6035.2,1.6,3.96,4.6,8317,5.7,5.156666667,11.7
01/01/2004 00:00,1.821237378,5.666666667,0,2059,87403,1.2,-1912.666667,87550,23712,1.1,27.06666667,27508,1.4,1.4,3.75,2.3,779008,2.4,0.2,5.6,899.2,4.8,120.6666667,11.8,20.2,103.8,10.9,3032.133333,1.1,-45687.33333,2946.3,90056,1.466666667,27.46666667,134408,1.5,2,1,1.5,6043.3,1.5,3.27,4.7,8370,5.7,5.186666667,12
01/02/2004 00:00,1.867476544,5.666666667,-2,2024,87403,1.1,-1912.666667,87550,24332,1.1,27.06666667,26704,0.3,1.3,4,2.1,784311,2.4,0.1,5,892.1,4.8,120.6666667,11.7,20.2,94.4,7.1,3032.133333,1.2,-45687.33333,2946.3,93882,1.466666667,27.46666667,138204,1.8,1.7,1,2.1,6083.4,1.5,2.11,7,8167,5.6,5.186666667,11.7
01/03/2004 00:00,1.82329792,5.666666667,-3,1910,87403,1,-1912.666667,87550,24887,1.1,27.06666667,27274,2.4,1.1,4,3.8,787138,2.4,-0.2,5.3,881,4.8,120.6666667,11.7,20.2,95.8,14.4,3032.133333,1.6,-45687.33333,2946.3,96519,1.466666667,27.46666667,143003,1.5,1.7,1,1.8,6118.6,1.5,1.46,6.9,8491,5.8,5.186666667,12
01/04/2004 00:00,1.804728714,4,-2,1624,88487.66667,1,-1845.666667,89121.66667,25245,0.966666667,27.53333333,27964,2.5,1.1,4,3,798115,2.366666667,0.2,5.3,871.9,4.8,121.6666667,11.5,20.16666667,94.2,3,3051.833333,1.8,-52080,2996.066667,95754,1.4,27.86666667,143232,2.7,2.3,1,3.1,6153.1,1.666666667,3.66,6.1,8170,5.6,5.223333333,11.6
01/05/2004 00:00,1.789243848,4,-2,2126,88487.66667,1.1,-1845.666667,89121.66667,25176,0.966666667,27.53333333,27971,2.1,1.5,4.25,3.3,801549,2.366666667,1.1,6.2,858.1,4.8,121.6666667,11.6,20.16666667,90.2,8.1,3051.833333,1.7,-52080,2996.066667,97259,1.4,27.86666667,145428,3.5,3.1,1,3.8,6240.4,1.666666667,4.86,7.6,8212,5.6,5.223333333,12.1
01/06/2004 00:00,1.828259655,4,-4,2025,88487.66667,1.3,-1845.666667,89121.66667,25134,0.966666667,27.53333333,28252,1.5,1.6,4.5,2,805797,2.366666667,1.2,5.6,846.9,4.8,121.6666667,12.1,20.16666667,95.6,7.2,3051.833333,1.9,-52080,2996.066667,94853,1.4,27.86666667,149555,2.5,3.3,1.25,2.6,6244.8,1.666666667,3.99,5.1,8286,5.6,5.223333333,12
01/07/2004 00:00,1.842829203,2.333333333,-3,1932,89195,1.2,-3080.333333,89933,25342,0.7,28.1,28678,-0.6,1.4,4.5,-0.5,813658,2.566666667,1.3,5.3,836.4,4.8,123.6666667,12.1,19.13333333,96.7,9.1,3081,1.8,-53006.33333,3021.966667,96474,1.133333333,28.16666667,147767,2.8,2.9,1.25,3.3,6255.7,1.3,3.85,5.2,8136,5.5,5.26,12.1
01/08/2004 00:00,1.819548037,2.333333333,-5,1977,89195,1.1,-3080.333333,89933,25419,0.7,28.1,28869,-0.7,1.3,4.75,0.2,821428,2.566666667,1.2,5.4,834.5,4.7,123.6666667,12.3,19.13333333,95.9,6.3,3081,1.7,-53006.33333,3021.966667,96909,1.133333333,28.16666667,150225,3.1,2.7,1.5,4.2,6280.3,1.3,3.34,3.6,7990,5.4,5.26,11.5
01/09/2004 00:00,1.793123989,2.333333333,-7,1988,89195,0.9,-3080.333333,89933,26083,0.7,28.1,29092,-0.2,1.1,4.75,2.1,826129,2.566666667,1.7,5.4,832.9,4.7,123.6666667,12.1,19.13333333,94.2,16.7,3081,2,-53006.33333,3021.966667,98277,1.133333333,28.16666667,149765,2.6,2.5,1.75,3.3,6314.8,1.3,3.26,6.1,7927,5.4,5.26,11.7
01/10/2004 00:00,1.808003346,-3.333333333,-6,1626,89752,0.9,-830,89146.33333,26442,0.6,28.6,29906,-0.8,1.2,4.75,0.9,833445,2.233333333,1.8,4.9,831.5,4.7,124.6666667,12.3,19.06666667,91.7,16.6,3112.6,2,-59757.33333,3152.5,99773,1.033333333,28.63333333,154734,3.4,3.2,1.75,4.3,6342.4,2.1,4.47,7.2,8061,5.5,5.29,12.1
01/11/2004 00:00,1.861843678,-3.333333333,-4,1826,89752,1.1,-830,89146.33333,27113,0.6,28.6,29782,0.2,1.5,4.75,1.2,838181,2.233333333,1.8,4.8,829.5,4.7,124.6666667,12.4,19.06666667,92.8,7,3112.6,2.2,-59757.33333,3152.5,99533,1.033333333,28.63333333,158352,2.8,3.5,2,3.1,6369.4,2.1,4.98,6.3,7932,5.4,5.29,11.5
01/12/2004 00:00,1.928453734,-3.333333333,-3,1826,89752,1.3,-830,89146.33333,27434,0.6,28.6,29716,-0.3,1.7,4.75,0.9,842716,2.233333333,1.5,3.2,826.1,4.7,124.6666667,12.5,19.06666667,97.1,8.5,3112.6,2.2,-59757.33333,3152.5,102259,1.033333333,28.63333333,156760,3.6,3.3,2.25,4,6388.4,2.1,4.22,8,7934,5.4,5.29,11.7
01/01/2005 00:00,1.878949896,-7.333333333,1,2227,90586,1.3,-1485,89135.33333,26500,0.633333333,28.6,29811,-0.2,1.6,4.75,0.6,850391,1.933333333,1.3,2.3,823.7,4.7,125.6666667,12.6,18.4,95.5,4.5,3136.4,2.3,-56502.66667,3078.033333,103059,1.2,28.66666667,158620,3.8,3,2.25,4.9,6393.4,0.966666667,4.13,6.4,7784,5.3,5.323333333,11.6
01/02/2005 00:00,1.887918468,-7.333333333,0,1573,90586,1.2,-1485,89135.33333,26253,0.633333333,28.6,29128,0.1,1.7,4.75,0.8,854268,1.933333333,1.7,2.8,821.7,4.8,125.6666667,12.1,18.4,94.1,14.8,3136.4,2.4,-56502.66667,3078.033333,103867,1.2,28.66666667,161321,3.9,3,2.5,4.9,6403.1,0.966666667,4.68,6.9,7980,5.4,5.323333333,12.4
01/03/2005 00:00,1.903669714,-7.333333333,1,2152,90586,1.4,-1485,89135.33333,26639,0.633333333,28.6,29775,-3.8,1.9,4.75,-3.8,859669,1.933333333,2,1.5,830.1,4.7,125.6666667,12.1,18.4,92.6,8.6,3136.4,2.3,-56502.66667,3078.033333,104805,1.2,28.66666667,157424,4.3,3.1,2.75,4.6,6412.9,0.966666667,4.99,5.2,7737,5.2,5.323333333,11.8
01/04/2005 00:00,1.89446239,-5,0,1279,90984.33333,1.4,-152.3333333,90712.33333,27467,0.833333333,28.96666667,31133,-1,1.9,4.75,-0.5,864464,2.233333333,2.4,0.8,840.3,4.7,127,12.6,17.46666667,87.7,12.3,3170.5,2.2,-59784.66667,3119.366667,106865,1.133333333,29.06666667,163980,3.9,3.5,2.75,4.5,6419.9,0.766666667,4.82,7.5,7672,5.2,5.36,11.8
01/05/2005 00:00,1.854600982,-5,-1,1408,90984.33333,1.5,-152.3333333,90712.33333,27646,0.833333333,28.96666667,30480,-0.4,1.9,4.75,-0.3,874422,2.233333333,1.6,0.7,854.1,4.8,127,12.6,17.46666667,86.9,0.1,3170.5,2.2,-59784.66667,3119.366667,106231,1.133333333,29.06666667,162495,3.3,2.8,3,4.1,6445.7,0.766666667,3.63,4.9,7651,5.1,5.36,11.7
01/06/2005 00:00,1.819283592,-5,-3,1781,90984.33333,1.5,-152.3333333,90712.33333,28732,0.833333333,28.96666667,31117,-0.5,2,4.75,0.8,879818,2.233333333,1.6,0.7,863.2,4.8,127,12.4,17.46666667,96,15.2,3170.5,2,-59784.66667,3119.366667,106314,1.133333333,29.06666667,164574,4.6,2.5,3.25,5,6480.8,0.766666667,3.7,9.2,7524,5,5.36,11.1
01/07/2005 00:00,1.751114144,-5.333333333,-1,1097,91414.33333,1.8,-2010.666667,91218,28717,1.133333333,28.63333333,31440,0.6,2.3,4.75,2.6,889040,2.2,2.1,0.5,866.7,4.7,129.3333333,12.4,18.93333333,96.5,9.4,3195.066667,2.1,-62136.66667,3172.566667,106679,1.1,29.5,164742,3.4,3.2,3.25,3.7,6509.9,0.766666667,4.71,8.8,7406,5,5.396666667,10.7
01/08/2005 00:00,1.796411463,-5.333333333,-4,1480,91414.33333,1.8,-2010.666667,91218,29142,1.133333333,28.63333333,32613,-0.3,2.4,4.5,1.7,894707,2.2,2.2,-0.6,868.2,4.7,129.3333333,12.6,18.93333333,89.1,9.8,3195.066667,2.1,-62136.66667,3172.566667,107997,1.1,29.5,166385,3.6,3.6,3.25,3.6,6537.6,0.766666667,5.25,7.6,7345,4.9,5.396666667,11.1
01/09/2005 00:00,1.810615695,-5.333333333,-5,1275,91414.33333,1.7,-2010.666667,91218,29885,1.133333333,28.63333333,32573,-0.9,2.5,4.5,-1.2,901967,2.2,2.3,-1,876.1,4.7,129.3333333,13.4,18.93333333,76.9,4.6,3195.066667,2,-62136.66667,3172.566667,106885,1.1,29.5,171808,1.6,4.7,3.75,2.6,6573.3,0.766666667,6.86,5.9,7553,5,5.396666667,10.8
01/10/2005 00:00,1.76511448,-7,-8,1109,92298.33333,1.7,-1933,91688,30023,1.4,28.76666667,32575,-1.4,2.3,4.5,-0.7,906230,2.266666667,2.2,-0.5,888.2,4.9,130,13.5,18.36666667,74.2,5.2,3207.1,2.1,-69987,3224.8,109388,1,29.83333333,176528,1.9,4.3,3.75,3.1,6607.4,0.933333333,5.86,5.4,7453,5,5.453333333,10.8
01/11/2005 00:00,1.733314179,-7,-8,675,92298.33333,1.5,-1933,91688,29761,1.4,28.76666667,33145,-0.6,2.1,4.5,-0.1,912955,2.266666667,1.9,0.7,900.9,5.1,130,13.7,18.36666667,81.6,6.8,3207.1,2.1,-69987,3224.8,110656,1,29.83333333,174746,2.7,3.5,4,4,6626.4,0.933333333,4.35,5.9,7566,5,5.453333333,11.1
01/12/2005 00:00,1.745422926,-7,-9,1170,92298.33333,1.3,-1933,91688,30573,1.4,28.76666667,34050,0.4,1.9,4.5,0.2,919805,2.266666667,2,0.9,908.1,5.1,130,13.4,18.36666667,91.5,7.3,3207.1,2.2,-69987,3224.8,113277,1,29.83333333,177643,2.6,3.4,4.25,3.4,6654.1,0.933333333,5.38,4.7,7279,4.9,5.453333333,10.5
01/01/2006 00:00,1.765821845,-4.666666667,-3,1411,92000.66667,1.3,-2484.666667,90500.33333,31808,1.3,28.76666667,35496,0.8,1.9,4.5,0.7,924405,1.833333333,2.7,1.7,913.5,5.1,133,13.4,18.1,91.2,76.5,3243.066667,2.1,-66067.66667,3309.433333,115061,1.066666667,30.23333333,181741,2.3,4,4.5,3.5,6693.9,1.266666667,5.61,8.6,7064,4.7,5.513333333,10.4
01/02/2006 00:00,1.747711592,-4.666666667,-4,1119,92000.66667,1.4,-2484.666667,90500.33333,33659,1.3,28.76666667,36555,0.1,2,4.5,0.5,934080,1.833333333,2.4,1.6,923.8,5.2,133,13.3,18.1,86.7,7.5,3243.066667,2.1,-66067.66667,3309.433333,115652,1.066666667,30.23333333,178503,1.6,3.6,4.5,2.4,6720.7,1.266666667,3.88,6.5,7184,4.8,5.513333333,10.8
01/03/2006 00:00,1.743767923,-4.666666667,-7,556,92000.66667,1.3,-2484.666667,90500.33333,35370,1.3,28.76666667,37991,2.5,1.8,4.5,3.9,941809,1.833333333,2.1,2.6,935.8,5.2,133,13.7,18.1,88.9,10.8,3243.066667,2.1,-66067.66667,3309.433333,118272,1.066666667,30.23333333,180846,2,3.4,4.75,2.8,6737.3,1.266666667,3.58,6.8,7072,4.7,5.513333333,10.5
01/04/2006 00:00,1.767071286,-0.666666667,-4,819,92763.66667,1.3,-1680,92353,35959,1,29.13333333,37935,-0.6,2,4.5,1.2,950834,1.866666667,2.1,2.9,945.4,5.3,134,13.9,17.33333333,87.4,11.9,3260.333333,2.3,-67449,3338.7,118672,0.966666667,30.6,181516,2.3,3.5,4.75,3,6764.5,1.133333333,4.08,6.1,7120,4.7,5.573333333,10.3
01/05/2006 00:00,1.870325904,-0.666666667,-5,971,92763.66667,1.1,-1680,92353,35831,1,29.13333333,38956,-0.8,2.2,4.5,1.6,950277,1.866666667,2.7,3.4,950.8,5.4,134,14,17.33333333,79.1,9.5,3260.333333,2.4,-67449,3338.7,120599,0.966666667,30.6,185444,1.9,4.2,5,2.2,6780.2,1.133333333,4.47,6.6,6980,4.6,5.573333333,10
01/06/2006 00:00,1.842724006,-0.666666667,-4,844,92763.66667,1.2,-1680,92353,34035,1,29.13333333,36530,-0.1,2.5,4.5,1.5,956361,1.866666667,2.7,2.9,955.7,5.5,134,13.9,17.33333333,84.9,-11.4,3260.333333,2.6,-67449,3338.7,122053,0.966666667,30.6,185534,1.9,4.3,5.25,2.3,6818.9,1.133333333,4.93,4,7001,4.6,5.573333333,10.4
01/07/2006 00:00,1.845536473,-2,-4,835,93253.33333,0.9,-3382,93354.33333,30661,0.7,29.66666667,33898,-0.4,2.4,4.5,1.6,961297,2.2,2.3,3.2,956.7,5.5,134,14.1,17.4,84.7,7.3,3279.366667,2.7,-71923,3371.933333,119803,0.733333333,31,186328,2.2,4.1,5.25,2.4,6858,1,3.99,3.6,7175,4.7,5.623333333,10.9
01/08/2006 00:00,1.893379731,-2,-8,726,93253.33333,1.1,-3382,93354.33333,30722,0.7,29.66666667,34206,1.4,2.5,4.75,2.4,966959,2.2,2.3,3.8,951.4,5.5,134,14.3,17.4,82,12.6,3279.366667,2.8,-71923,3371.933333,122321,0.733333333,31,190144,2.3,3.8,5.25,2.6,6880.7,1,3.84,5.1,7091,4.7,5.623333333,10.7
01/09/2006 00:00,1.88510489,-2,-7,777,93253.33333,1.4,-3382,93354.33333,30559,0.7,29.66666667,33255,2.2,2.4,4.75,3.8,972757,2.2,1.5,3.2,958.1,5.5,134,14.3,17.4,85.4,11.1,3279.366667,2.9,-71923,3371.933333,123562,0.733333333,31,188497,4.1,2.1,5.25,3.7,6911.6,1,0.88,4.4,6847,4.5,5.623333333,10.6
01/10/2006 00:00,1.876863544,-3.333333333,-5,775,93098.33333,1.4,-3241,92427,30429,0.366666667,30.03333333,33397,1.9,2.4,4.75,3.8,979198,2.333333333,1,3.9,958.5,5.5,137.6666667,13.8,17.13333333,93.6,2.6,3312.8,2.7,-63214.66667,3418,125646,0.8,31.13333333,184636,2.7,1.3,5.25,1.8,6960.9,1,-1.24,4.1,6727,4.4,5.683333333,10.6
01/11/2006 00:00,1.911521756,-3.333333333,-7,896,93098.33333,1.6,-3241,92427,30455,0.366666667,30.03333333,33973,1.1,2.7,5,3,988699,2.333333333,1.1,3.2,949.2,5.4,137.6666667,14,17.13333333,92.1,11.4,3312.8,2.6,-63214.66667,3418,127445,0.8,31.13333333,186020,1.6,2,5.25,1.1,7000.8,1,0.95,3.4,6872,4.5,5.683333333,10.6
01/12/2006 00:00,1.962437866,-3.333333333,-8,907,93098.33333,1.8,-3241,92427,30305,0.366666667,30.03333333,33714,-0.8,3,5,2.1,993488,2.333333333,1.5,4.2,939.9,5.5,137.6666667,14.1,17.13333333,91.7,16,3312.8,2.6,-63214.66667,3418,128557,0.8,31.13333333,190149,2.1,2.5,5.25,2.4,7046,1,1.13,4.8,6762,4.4,5.683333333,10
01/01/2007 00:00,1.958062132,-2.333333333,-7,497,94065,1.6,-3305.666667,93384,30157,0.6,30.23333333,33341,0.3,2.7,5.25,3.1,994966,2.266666667,1.3,2.2,925.6,5.5,139.3333333,14.4,16.9,96.9,1.2,3330.233333,2.7,-65947.33333,3474.433333,130079,0.4,31.26666667,187734,1.5,2.1,5.25,1.1,7079.3,1.2,0.13,1.7,7116,4.6,5.74,10.3
01/02/2007 00:00,1.957494992,-2.333333333,-8,425,94065,1.7,-3305.666667,93384,29908,0.6,30.23333333,33359,0.1,2.8,5.25,1.2,1001459,2.266666667,1.5,3.8,911.5,5.5,139.3333333,14.4,16.9,91.3,12.1,3330.233333,2.7,-65947.33333,3474.433333,128399,0.4,31.26666667,186877,2.5,2.4,5.25,1.8,7098.5,1.2,2.41,2.6,6927,4.5,5.74,9.9
01/03/2007 00:00,1.946862885,-2.333333333,-8,530,94065,1.9,-3305.666667,93384,30671,0.6,30.23333333,34910,-0.1,3.1,5.25,0.9,1007343,2.266666667,1.8,3.6,896.8,5.5,139.3333333,14.6,16.9,88.4,14.4,3330.233333,2.5,-65947.33333,3474.433333,133133,0.4,31.26666667,194930,2.5,2.8,5.25,2.7,7135.8,1.2,3.14,3.3,6731,4.4,5.74,10
01/04/2007 00:00,1.98811861,5.333333333,-6,829,94830.66667,1.8,-1953,94010.33333,31083,0.766666667,30.63333333,33604,0,2.8,5.25,1.1,1013070,2.4,1.6,4.1,878.2,5.5,139.6666667,14.7,17.53333333,87.1,9.3,3341.533333,2.3,-62448,3491.633333,132458,0.566666667,31.5,192972,2.8,2.6,5.25,2.9,7195,0.933333333,3.24,2.4,6850,4.5,5.803333333,10.3
01/05/2007 00:00,1.982542552,5.333333333,-2,499,94830.66667,1.9,-1953,94010.33333,31251,0.766666667,30.63333333,34144,1.8,2.5,5.5,1.4,1021435,2.4,1.6,2.8,870.8,5.4,139.6666667,14.6,17.53333333,88.3,16.3,3341.533333,2.2,-62448,3491.633333,135183,0.566666667,31.5,194470,2.9,2.7,5.25,3.3,7218.9,0.933333333,3.91,4,6766,4.4,5.803333333,9.9
01/06/2007 00:00,1.985117826,5.333333333,-3,731,94830.66667,2,-1953,94010.33333,31946,0.766666667,30.63333333,34866,0.1,2.4,5.5,0.5,1027465,2.4,1.7,2.7,861.9,5.4,139.6666667,14.3,17.53333333,85.3,9.1,3341.533333,2.2,-62448,3491.633333,136594,0.566666667,31.5,196114,2.6,2.7,5.25,3.2,7252,0.933333333,3.34,2.9,6979,4.6,5.803333333,10.6
01/07/2007 00:00,2.033501181,-0.666666667,-6,1021,96130.33333,1.7,-4008.333333,95528.66667,31843,0.966666667,31.03333333,35589,0.8,1.9,5.75,0.1,1034287,2.4,1.7,3,856.3,5.3,141,14.5,17,90.4,14.6,3356.4,2.2,-56240.66667,3532.533333,137564,0.766666667,31.8,197478,2.6,2.4,5.25,3.6,7280.7,0.933333333,4.21,2.9,7149,4.7,5.856666667,10.5
01/08/2007 00:00,2.010015443,-0.666666667,-4,950,96130.33333,1.8,-4008.333333,95528.66667,32196,0.966666667,31.03333333,35707,0.3,1.8,5.75,0.8,1037959,2.4,1.7,3.5,851.3,5.3,141,14.4,17,83.4,19.1,3356.4,2.1,-56240.66667,3532.533333,140485,0.766666667,31.8,197490,2.4,2,5.25,2.7,7346.7,0.933333333,2.34,2.9,7067,4.6,5.856666667,10.7
01/09/2007 00:00,2.019400367,-0.666666667,-7,1386,96130.33333,1.5,-4008.333333,95528.66667,32258,0.966666667,31.03333333,36085,-0.9,1.8,5.75,-0.4,1039911,2.4,2.4,4,844.5,5.3,141,14.2,17,83.4,14.2,3356.4,2.1,-56240.66667,3532.533333,141276,0.766666667,31.8,199070,2.9,2.8,4.75,3,7372.3,0.933333333,4.43,4,7170,4.7,5.856666667,11.2
01/10/2007 00:00,2.04383893,-4.333333333,-8,1458,96697.33333,1.5,-3229.666667,95742,32817,1.1,31.06666667,36078,0.3,2.1,5.75,-0.6,1054778,2.033333333,3.5,2.1,836.3,5.2,141.6666667,13.9,16.33333333,80.9,15.3,3360.6,2.2,-52376,3575.266667,144737,0.633333333,31.83333333,201274,2.5,3.5,4.5,3,7386.1,1,6.1,4.7,7237,4.7,5.9,10.7
01/11/2007 00:00,2.070904684,-4.333333333,-10,863,96697.33333,1.4,-3229.666667,95742,33816,1.1,31.06666667,36890,0.1,2.1,5.75,-0.1,1060498,2.033333333,4.4,2.2,825.2,5.2,141.6666667,13.6,16.33333333,76.1,15.3,3360.6,2.3,-52376,3575.266667,146373,0.633333333,31.83333333,206090,3.1,4.3,4.5,3.4,7418.9,1,7.26,5.4,7240,4.7,5.9,10.8
01/12/2007 00:00,2.015528069,-4.333333333,-14,148,96697.33333,1.4,-3229.666667,95742,32697,1.1,31.06666667,36012,0.7,2.1,5.5,-0.3,1068322,2.033333333,4.6,1.1,815.2,5.2,141.6666667,13.5,16.33333333,75.5,11.8,3360.6,2.4,-52376,3575.266667,147269,0.633333333,31.83333333,204422,2,4.1,4.25,2,7452.4,1,6.17,3,7645,5,5.9,11.7
01/01/2008 00:00,1.96923034,-6,-13,547,96425,1.3,-4174.333333,93246.66667,32782,0.8,31.13333333,37677,-0.2,2.2,5.5,-0.2,1087333,1.433333333,5.3,2.6,792,5.2,146,13.5,16.1,78.4,11.6,3353.666667,2.5,-60274.33333,3627.666667,150167,0.366666667,31.8,211306,2.2,4.3,3,2.1,7480.7,1.3,7.43,3.2,7685,5,5.956666667,11.7
01/02/2008 00:00,1.963673349,-6,-17,1549,96425,1.2,-4174.333333,93246.66667,33073,0.8,31.13333333,38404,0.7,2.5,5.25,1.7,1091208,1.433333333,5.4,2.3,778.4,5.2,146,13.7,16.1,70.8,14.4,3353.666667,2.3,-60274.33333,3627.666667,152433,0.366666667,31.8,216781,0.9,4,3,1,7569.2,1.3,6.49,2.1,7497,4.9,5.956666667,11.4
01/03/2008 00:00,2.001189132,-6,-19,727,96425,1.2,-4174.333333,93246.66667,33066,0.8,31.13333333,37970,-1.3,2.5,5.25,-0.9,1103620,1.433333333,5.9,0.8,778.5,5.2,146,14.1,16.1,69.5,10.4,3353.666667,2.4,-60274.33333,3627.666667,152089,0.366666667,31.8,212154,0.4,4,2.25,-0.1,7638.9,1.3,6.7,1.4,7822,5.1,5.956666667,11.4
01/04/2008 00:00,1.983690912,-7.666666667,-24,663,95766,1.4,-5068.333333,94600.66667,35010,0.333333333,31.26666667,39547,0.7,3,5,-0.2,1108583,1.766666667,6.6,-0.6,792.4,5.3,144.3333333,13.8,16.6,62.6,9.5,3359.3,2.3,-58641,3738.866667,156756,0.266666667,31.56666667,220284,-1,3.9,2,-1.9,7664.7,1.833333333,6.39,1.9,7637,5,6.013333333,11
01/05/2008 00:00,1.965226068,-7.666666667,-29,1136,95766,1.5,-5068.333333,94600.66667,35519,0.333333333,31.26666667,39448,-2,3.3,5,-1.6,1117776,1.766666667,7.7,3,814.7,5.2,144.3333333,14.4,16.6,59.8,3.4,3359.3,2.3,-58641,3738.866667,158799,0.266666667,31.56666667,220950,-1.6,4.2,2,-2.3,7688.1,1.833333333,7.34,1.3,8395,5.4,6.013333333,13
01/06/2008 00:00,1.966608019,-7.666666667,-34,567,95766,1.6,-5068.333333,94600.66667,36416,0.333333333,31.26666667,40664,-2,3.8,5,-2.5,1119849,1.766666667,8.4,-0.7,848.7,5.4,144.3333333,14.6,16.6,56.4,3.5,3359.3,2.4,-58641,3738.866667,163609,0.266666667,31.56666667,224279,-1.7,5,2,-3.1,7704.6,1.833333333,9.09,2.3,8575,5.6,6.013333333,12.9
01/07/2008 00:00,1.988287105,-13.33333333,-39,623,94521.66667,1.9,-4060,93472,36613,-0.466666667,31.33333333,40753,-2.4,4.4,5,-1.7,1118870,1.6,8.9,-1.2,882.7,5.5,144.6666667,15.2,14.93333333,61.2,2.5,3335.033333,2.5,-58214,3670.9,165379,-0.1,31.46666667,232221,-2.2,5.6,2,-4.3,7749.5,1.466666667,9.85,1.4,8937,5.8,6.07,13.5
01/08/2008 00:00,1.885233075,-13.33333333,-36,920,94521.66667,2,-4060,93472,35935,-0.466666667,31.33333333,39429,-1.9,4.7,5,-2.7,1124312,1.6,8.6,-1.2,924.9,5.7,144.6666667,15.5,14.93333333,63,-4.4,3335.033333,2.5,-58214,3670.9,162658,-0.1,31.46666667,224766,-3.8,5.4,2,-5.1,7752.6,1.466666667,9.69,0.3,9438,6.1,6.07,13.1
01/09/2008 00:00,1.798969563,-13.33333333,-32,-7,94521.66667,2.2,-4060,93472,36695,-0.466666667,31.33333333,39312,-2.1,5.2,5,-3.6,1126537,1.6,8.3,-1.5,968.6,5.9,144.6666667,15.8,14.93333333,70.3,-4.7,3335.033333,2.5,-58214,3670.9,153586,-0.1,31.46666667,214086,-8.3,4.9,2,-8.7,7831,1.466666667,8.84,-1.8,9494,6.1,6.07,13.5
01/10/2008 00:00,1.688625338,-20,-36,445,92481.33333,1.9,-5031.333333,94098.66667,35939,-1.466666667,31.46666667,38725,-4.5,4.5,4.5,-4.1,1108370,2.4,6.6,-1.1,1012.3,6,145,16.3,11.03333333,57.6,3,3294.9,2.2,-50000.66667,3619.766667,151364,-0.933333333,31.36666667,211555,-7,3.7,1,-8.9,7938.7,2.133333333,5.22,-6,10074,6.5,6.126666667,13.6
01/11/2008 00:00,1.533432876,-20,-35,361,92481.33333,2,-5031.333333,94098.66667,34980,-1.466666667,31.46666667,38226,-7.7,4.1,3,-8,1115637,2.4,5,-1.1,1100.4,6.2,145,16.4,11.03333333,55.3,-8.3,3294.9,2,-50000.66667,3619.766667,142400,-0.933333333,31.36666667,187123,-8.6,1.1,1,-11.5,7996.7,2.133333333,0.35,-10.2,10538,6.8,6.126666667,14
01/12/2008 00:00,1.484988822,-20,-33,-232,92481.33333,1.1,-5031.333333,94098.66667,34772,-1.466666667,31.46666667,36834,-8.5,3.1,2,-9.5,1120435,2.4,4.4,-0.1,1179.4,6.4,145,16.6,11.03333333,60.1,-6.5,3294.9,1.8,-50000.66667,3619.766667,132372,-0.933333333,31.36666667,174835,-11.3,0.1,0.25,-14.6,8177,2.133333333,-0.94,-11.4,11286,7.3,6.126666667,14.8
01/01/2009 00:00,1.447218756,-21.33333333,-37,377,92264.33333,1.3,-5743,92751.66667,33110,-2.033333333,31.76666667,36454,-10.9,3,1.5,-12.9,1124316,1.933333333,3.3,0.2,1240.8,6.5,145,17,12,61.2,4.9,3283.6,1.7,-31890,3609.3,125294,-1.166666667,31.16666667,163136,-13.1,0,0.25,-16.8,8251.2,2.033333333,-0.93,-10.2,12058,7.8,6.166666667,15
01/02/2009 00:00,1.443878449,-21.33333333,-35,335,92264.33333,1.6,-5743,92751.66667,32932,-2.033333333,31.76666667,36044,-11.3,3.2,1,-13.2,1131614,1.933333333,2.9,-3.6,1383.6,6.7,145,18.2,12,56.3,-10.3,3283.6,1.8,-31890,3609.3,127342,-1.166666667,31.16666667,155109,-13.4,0.2,0.25,-16.5,8284.8,2.033333333,-1.39,-9.7,12898,8.3,6.166666667,16
01/03/2009 00:00,1.419134106,-21.33333333,-30,-365,92264.33333,1.7,-5743,92751.66667,32483,-2.033333333,31.76666667,36356,-10,2.9,0.5,-11,1130816,1.933333333,1.7,-1.5,1457.1,7.1,145,18.8,12,57.3,-16.5,3283.6,1.8,-31890,3609.3,125998,-1.166666667,31.16666667,155161,-14.6,-0.4,0.25,-17.7,8353.5,2.033333333,-3.43,-11.5,13426,8.7,6.166666667,16.5
01/04/2009 00:00,1.471821879,-13.33333333,-27,31,91184,1.5,-4901.333333,97122.33333,32595,-1.9,32.06666667,36410,-9.9,2.3,0.5,-10.4,1139031,3.366666667,1.2,0.3,1510.8,7.3,145.6666667,19.2,15.26666667,65.1,-7.9,3268.8,1.9,-28778.66667,3654.866667,124390,-1.366666667,31.3,154095,-14.7,-0.7,0.25,-17.6,8337.8,2.2,-3.51,-11.2,13853,9,6.19,16.7
01/05/2009 00:00,1.544919689,-13.33333333,-27,-199,91184,1.6,-4901.333333,97122.33333,32015,-1.9,32.06666667,34480,-10.5,2.2,0.5,-11.6,1142942,3.366666667,-0.2,-2.9,1549.4,7.6,145.6666667,19,15.26666667,68.7,-6,3268.8,1.8,-28778.66667,3654.866667,126221,-1.366666667,31.3,151593,-15.2,-1.3,0.25,-18.1,8407.3,2.2,-4.84,-11.1,14499,9.4,6.19,17.6
01/06/2009 00:00,1.637150236,-13.33333333,-25,-73,91184,1.6,-4901.333333,97122.33333,32276,-1.9,32.06666667,35025,-9,1.8,0.5,-10.4,1144842,3.366666667,-0.8,1.6,1571.9,7.8,145.6666667,19.4,15.26666667,70.8,-17.8,3268.8,1.7,-28778.66667,3654.866667,128891,-1.366666667,31.3,155258,-15.4,-1.4,0.25,-17.9,8416.4,2.2,-4.44,-9.8,14707,9.5,6.19,18
01/07/2009 00:00,1.635417443,-5.333333333,-25,-397,91635.33333,1.8,-1850,96564.66667,33037,-1.333333333,32.23333333,35535,-8,1.8,0.5,-10.4,1152315,3.4,-1.6,1.6,1585.8,7.9,145.6666667,19.7,18.13333333,66,-3.1,3288.633333,1.5,-30337.66667,3651.866667,130848,-1.1,31.46666667,163637,-14.1,-2.1,0.25,-15.8,8421,1.966666667,-6.86,-9.2,14601,9.5,6.236666667,17.9
01/08/2009 00:00,1.653797832,-5.333333333,-25,-1175,91635.33333,1.8,-1850,96564.66667,32497,-1.333333333,32.23333333,34752,-11.1,1.6,0.5,-11.1,1158150,3.4,-1.4,1.6,1600.8,7.9,145.6666667,19.9,18.13333333,65.7,-9.4,3288.633333,1.4,-30337.66667,3651.866667,131438,-1.1,31.46666667,162705,-11.8,-1.5,0.25,-13.8,8407.3,1.966666667,-4.39,-6.8,14814,9.6,6.236666667,18.1
01/09/2009 00:00,1.633686332,-5.333333333,-16,-199,91635.33333,1.7,-1850,96564.66667,33655,-1.333333333,32.23333333,36276,-9.2,1.1,0.5,-8.1,1164468,3.4,-1.1,1.6,1609.7,7.8,145.6666667,20,18.13333333,73.5,-5.6,3288.633333,1.5,-30337.66667,3651.866667,136142,-1.1,31.46666667,170632,-7.2,-1.3,0.25,-10.1,8416.3,1.966666667,-4.94,-7.6,15009,9.8,6.236666667,18.4
01/10/2009 00:00,1.618912012,3.333333333,-13,-538,91917.33333,1.8,-2449.333333,97363.33333,34445,-0.466666667,32.33333333,37195,-7.1,1.5,0.5,-7.3,1174018,3.666666667,-0.1,2.4,1618.5,7.9,146.3333333,19.5,18.43333333,70.6,-14,3288.266667,1.7,-33167.66667,3679.766667,140401,-0.066666667,31.33333333,174228,-7.7,-0.2,0.25,-9.4,8444.1,1.9,-2.03,-3.2,15352,10,6.28,19.1
01/11/2009 00:00,1.65878134,3.333333333,-17,-193,91917.33333,1.9,-2449.333333,97363.33333,34554,-0.466666667,32.33333333,36738,-3.4,1.9,0.5,-3.1,1177198,3.666666667,1,1.7,1610.4,7.8,146.3333333,19.5,18.43333333,67.4,-9,3288.266667,1.7,-33167.66667,3679.766667,141370,-0.066666667,31.33333333,178573,-6.2,1.8,0.25,-6.3,8483.3,1.9,2.15,1.4,15219,9.9,6.28,19.2
01/12/2009 00:00,1.622357877,3.333333333,-19,142,91917.33333,2.8,-2449.333333,97363.33333,34981,-0.466666667,32.33333333,37670,-2.6,2.9,0.5,-1.5,1182834,3.666666667,1.2,0.4,1593.4,7.8,146.3333333,19.4,18.43333333,72.5,5.9,3288.266667,1.8,-33167.66667,3679.766667,144718,-0.066666667,31.33333333,182700,-3.1,2.7,0.25,-3.2,8482.4,1.9,4.27,4.2,15098,9.9,6.28,18.8
01/01/2010 00:00,1.615429523,4,-17,-52,91296.66667,3.1,-3290.333333,96959.66667,33879,0.266666667,32.36666667,37624,0.3,3.5,0.5,1.1,1182518,3.833333333,1.6,-3.5,1609,7.7,147,20,19.63333333,74.4,-14,3305.9,1.6,-35109.33333,3686.766667,144013,0.533333333,30.9,181167,0.4,2.6,0.25,0.9,8437.5,1.666666667,4.46,2.8,15046,9.8,6.306666667,18.8
01/02/2010 00:00,1.557087536,4,-14,-447,91296.66667,2.9,-3290.333333,96959.66667,35454,0.266666667,32.36666667,37786,1.6,3,0.5,2.5,1191964,3.833333333,1.8,1.4,1576.5,7.9,147,20.4,19.63333333,73.6,-10.8,3305.9,1.3,-35109.33333,3686.766667,145059,0.533333333,30.9,186093,1.4,2.1,0.25,1,8489.4,1.666666667,4.18,3.3,15113,9.8,6.306666667,18.7
01/03/2010 00:00,1.505552009,4,-15,-218,91296.66667,3,-3290.333333,96959.66667,35672,0.266666667,32.36666667,40049,3.9,3.4,0.5,4.2,1201506,3.833333333,2.5,0,1548.6,8,147,20.3,19.63333333,73.6,6.6,3305.9,1.1,-35109.33333,3686.766667,149262,0.533333333,30.9,189028,3.8,2.3,0.25,4.2,8487.7,1.666666667,5.91,7.5,15202,9.9,6.306666667,18.8
01/04/2010 00:00,1.533388904,8,-16,-605,92865.66667,3.1,-2733.666667,96372,36272,0.7,31.93333333,39741,2.2,3.7,0.5,2.7,1200497,3.5,2.9,-0.8,1526.1,8,148,19.9,18.66666667,72.2,-5.8,3332.8,0.9,-37096.33333,3743.733333,147800,0.9,30.43333333,188664,5.1,2.2,0.25,6,8499.7,1.966666667,5.4,7.8,15325,9.9,6.346666667,19.5
01/05/2010 00:00,1.465939666,8,-18,-215,92865.66667,2.9,-2733.666667,96372,36708,0.7,31.93333333,40059,3.8,3.4,0.5,4.7,1202095,3.5,3,0.1,1494.8,7.9,148,19.7,18.66666667,73.6,-7.8,3332.8,0.9,-37096.33333,3743.733333,152502,0.9,30.43333333,193834,7.9,2,0.25,8.8,8565.6,1.966666667,5.08,6,14849,9.6,6.346666667,18.1
01/06/2010 00:00,1.475323607,8,-19,-287,92865.66667,3.1,-2733.666667,96372,38436,0.7,31.93333333,40994,2.2,3.2,0.5,5.5,1205608,3.5,2.8,-0.7,1471.3,7.9,148,19.3,18.66666667,76,-3.6,3332.8,0.9,-37096.33333,3743.733333,152069,0.9,30.43333333,198626,8.5,1.1,0.25,9.1,8582.9,1.966666667,2.7,4.2,14474,9.4,6.346666667,18.2
01/07/2010 00:00,1.529813448,3.333333333,-22,-102,92789,2.6,-4660.333333,97623.33333,37177,0.866666667,31.66666667,41627,2,3.1,0.5,5.3,1205857,3.733333333,3,-0.2,1458.2,7.8,149,19.1,18.83333333,67.8,-1.8,3354.366667,0.9,-38372.66667,3767.1,155434,1.033333333,29.96666667,195847,7.9,1.2,0.25,8.3,8593.8,1.866666667,4.12,4.2,14512,9.4,6.38,18.4
01/08/2010 00:00,1.564594122,3.333333333,-18,-465,92789,2.8,-4660.333333,97623.33333,36791,0.866666667,31.66666667,41202,5.6,3.1,0.5,6.9,1209307,3.733333333,3,-0.4,1457.3,7.8,149,18.7,18.83333333,68.9,0,3354.366667,0.9,-38372.66667,3767.1,156016,1.033333333,29.96666667,200937,7.2,1.1,0.25,7.3,8632.7,1.866666667,3.27,2.8,14648,9.5,6.38,17.7
01/09/2010 00:00,1.556704281,3.333333333,-20,-419,92789,2.7,-4660.333333,97623.33333,37058,0.866666667,31.66666667,41257,4.8,3.1,0.5,5.4,1213671,3.733333333,2.7,-1.4,1457.1,7.8,149,19.5,18.83333333,68.2,1,3354.366667,0.8,-38372.66667,3767.1,156896,1.033333333,29.96666667,200937,6.7,1.1,0.25,6.5,8671.2,1.866666667,3.93,6.2,14579,9.5,6.38,17.9
01/10/2010 00:00,1.587032591,0.666666667,-19,198,92166.66667,2.7,-3669.666667,96604.33333,38279,0.766666667,31.3,41812,4.4,3.2,0.5,6.2,1214831,3.566666667,2.9,-1.2,1451,7.9,149.6666667,20.5,19.1,67.7,9.1,3388.7,0.6,-32987.66667,3838.166667,162730,0.9,29.46666667,202727,6.1,1.2,0.25,6.4,8720.7,1.966666667,4.26,6.5,14516,9.4,6.41,18.7
01/11/2010 00:00,1.596878485,0.666666667,-21,-212,92166.66667,2.7,-3669.666667,96604.33333,38997,0.766666667,31.3,42051,4.1,3.3,0.5,5.3,1226938,3.566666667,3,-0.7,1452.4,7.9,149.6666667,20.6,19.1,71.6,0.3,3388.7,0.8,-32987.66667,3838.166667,164418,0.9,29.46666667,202180,5.7,1.1,0.25,5.4,8747.8,1.966666667,3.36,6.6,15081,9.8,6.41,18.5
01/12/2010 00:00,1.561931508,0.666666667,-21,506,92166.66667,2.9,-3669.666667,96604.33333,39594,0.766666667,31.3,42708,4.2,3.7,0.5,4.5,1229466,3.566666667,3.4,-2.4,1454,7.9,149.6666667,20.6,19.1,74.5,118.6,3388.7,0.8,-32987.66667,3838.166667,167408,0.9,29.46666667,208223,6.3,1.5,0.25,6,8782.9,1.966666667,3.75,6.7,14348,9.3,6.41,17.9
01/01/2011 00:00,1.576461787,2.333333333,-29,-630,91956.33333,3,-1385,94861,41202,0.766666667,30.96666667,42001,4.4,4,0.5,6,1232306,2.9,4,3.2,1461.8,7.9,151,20.6,19.8,74.2,8.2,3405.7,1,-38374.66667,3897.233333,168932,0.633333333,29,216055,5,1.6,0.25,5.1,8815.4,2.033333333,3.6,7.5,14013,9.1,6.436666667,18.1
01/02/2011 00:00,1.611788858,2.333333333,-28,-68,91956.33333,3.4,-1385,94861,41615,0.766666667,30.96666667,41758,1.3,4.4,0.5,5.2,1232871,2.9,4.4,-0.1,1458.5,7.8,151,20.4,19.8,77.5,9.4,3405.7,1.1,-38374.66667,3897.233333,167437,0.633333333,29,211155,4.2,2.1,0.25,5.3,8863,2.033333333,5.42,8.1,13820,9,6.436666667,17.7
01/03/2011 00:00,1.613750636,2.333333333,-28,-232,91956.33333,3.2,-1385,94861,40810,0.766666667,30.96666667,42466,-0.8,4,0.5,2.7,1236694,2.9,4.7,-0.4,1463.5,7.8,151,19.8,19.8,67.5,8.5,3405.7,1.2,-38374.66667,3897.233333,175373,0.633333333,29,218851,4.4,2.7,0.25,4.6,8907.4,2.033333333,5.58,6.7,13737,9,6.436666667,17.6
01/04/2011 00:00,1.638020587,3,-31,443,91480,3.7,-221.3333333,95234,41496,0.433333333,30.83333333,42295,-1.1,4.5,0.5,2.7,1239642,3.2,4.9,1.6,1484.7,7.7,152.6666667,20.1,18.86666667,69.8,6.1,3412.566667,1.3,-39102.33333,3932.933333,177458,0.566666667,28.53333333,219684,3.6,3.2,0.25,3.1,8957.5,2.033333333,6.63,6.6,13957,9.1,6.473333333,17.6
01/05/2011 00:00,1.634292171,3,-21,-438,91480,3.3,-221.3333333,95234,42202,0.433333333,30.83333333,44233,-0.5,4.5,0.5,4,1240239,3.2,4.8,-1.3,1500.4,7.8,152.6666667,20.7,18.86666667,74.3,7,3412.566667,1.5,-39102.33333,3932.933333,177451,0.566666667,28.53333333,224671,2.3,3.6,0.25,1.7,9016.3,2.033333333,7.06,7.4,13855,9,6.473333333,17.3
01/06/2011 00:00,1.620263665,3,-25,207,91480,2.8,-221.3333333,95234,41602,0.433333333,30.83333333,43335,0.4,4.2,0.5,2.3,1245402,3.2,5,-1.3,1519.5,7.9,152.6666667,21.1,18.86666667,71.5,8.7,3412.566667,1.6,-39102.33333,3932.933333,175611,0.566666667,28.53333333,225043,2.3,3.6,0.25,1.9,9099.4,2.033333333,6.93,8.3,13962,9.1,6.473333333,17.1
01/07/2011 00:00,1.614448054,-5.333333333,-30,-141,91620.66667,3.1,-4071,95046.66667,42143,0.4,30.63333333,44681,-0.1,4.4,0.5,1.8,1250193,3.033333333,5.2,-1.6,1555.1,8,151.3333333,21.7,17.56666667,63.7,22,3427.4,1.8,-34694.33333,3957.666667,180121,0.4,28.26666667,225810,2.3,3.6,0.25,1.8,9289.9,1.9,7.08,8,13763,9,6.503333333,17.3
01/08/2011 00:00,1.635831501,-5.333333333,-31,113,91620.66667,3.1,-4071,95046.66667,41460,0.4,30.63333333,43770,-1.3,4.5,0.5,1.1,1252002,3.033333333,5.2,-1.8,1576.7,8.2,151.3333333,22.1,17.56666667,55.8,-7.9,3427.4,2,-34694.33333,3957.666667,180455,0.4,28.26666667,225423,2.5,3.8,0.25,1.9,9494,1.9,6.56,7.7,13818,9,6.503333333,17.4
01/09/2011 00:00,1.578662354,-5.333333333,-30,-202,91620.66667,3.3,-4071,95046.66667,40834,0.4,30.63333333,45381,-1.9,5.2,0.5,0.9,1253429,3.033333333,5.3,-0.4,1596,8.3,151.3333333,22.3,17.56666667,59.5,10.7,3427.4,2,-34694.33333,3957.666667,182398,0.4,28.26666667,225703,2.1,3.9,0.25,2.2,9522.2,1.9,7,7.8,13948,9,6.503333333,17.3
01/10/2011 00:00,1.577738724,-10,-32,-56,92372.66667,3.4,-4018.666667,94368,41801,0.433333333,30.43333333,44888,-2,5,0.5,-0.6,1255051,2.8,4.9,0,1595.7,8.4,152.3333333,22.3,17.63333333,60.8,8.5,3438.933333,2.1,-36025.33333,3996.2,181683,0.566666667,28.03333333,226645,3.1,3.5,0.25,2.6,9553.6,2.133333333,5.85,7.3,13594,8.8,6.523333333,16.7
01/11/2011 00:00,1.58009488,-10,-31,70,92372.66667,3.2,-4018.666667,94368,40610,0.433333333,30.43333333,45231,-2.8,4.8,0.5,-0.5,1256592,2.8,4.7,-0.4,1599.2,8.5,152.3333333,22.2,17.63333333,63.7,18.3,3438.933333,2.2,-36025.33333,3996.2,179589,0.566666667,28.03333333,226633,2.9,3.4,0.25,2.3,9596.3,2.133333333,5.56,6.6,13302,8.6,6.523333333,17.1
01/12/2011 00:00,1.560657084,-10,-33,-604,92372.66667,3,-4018.666667,94368,41212,0.433333333,30.43333333,44008,-2.7,4.2,0.5,1,1265466,2.8,4,2.4,1601.8,8.4,152.3333333,22.2,17.63333333,69.9,11.6,3438.933333,2.2,-36025.33333,3996.2,180513,0.566666667,28.03333333,229973,2.5,3,0.25,2.5,9635.9,2.133333333,4.65,6.1,13093,8.5,6.523333333,16.7
01/01/2012 00:00,1.550697396,-8.333333333,-29,-241,92788.66667,2.6,-3802.333333,95167,41931,0.4,30.33333333,44621,-3.3,3.6,0.5,1,1268376,2.8,3.5,0.2,1609.9,8.3,152.3333333,22.2,17.86666667,75,10.9,3459.666667,2.3,-38474,4083.866667,180073,0.933333333,27.63333333,231056,3.3,2.9,0.25,3.3,9714.8,2.333333333,4.12,6.3,12797,8.3,6.55,16.1
01/02/2012 00:00,1.580811232,-8.333333333,-29,-349,92788.66667,2.4,-3802.333333,95167,41933,0.4,30.33333333,44183,-1.5,3.4,0.5,-0.5,1273842,2.8,3.4,0.2,1609.5,8.3,152.3333333,22,17.86666667,75.3,9.3,3459.666667,2.2,-38474,4083.866667,182640,0.933333333,27.63333333,226210,4.1,2.9,0.25,3.5,9758.1,2.333333333,3.38,6.7,12813,8.3,6.55,16.5
01/03/2012 00:00,1.582365507,-8.333333333,-31,311,92788.66667,2.5,-3802.333333,95167,43042,0.4,30.33333333,45562,-2.3,3.5,0.5,-0.6,1278565,2.8,2.9,2.1,1606.7,8.2,152.3333333,22,17.86666667,76.2,14,3459.666667,2.3,-38474,4083.866667,186316,0.933333333,27.63333333,236533,2.5,2.7,0.25,2.4,9801.4,2.333333333,2.8,6.2,12713,8.2,6.55,16.3
01/04/2012 00:00,1.601122224,7.333333333,-31,-165,93268.66667,2.1,-5619.333333,97602,40531,0.333333333,30.4,45078,-2.1,3,0.5,-1.5,1279824,3.033333333,2.3,-2.2,1582.6,8.2,154.3333333,21.6,17.03333333,76.4,13.2,3465.533333,2.3,-37178.66667,4103.133333,185030,0.833333333,27.43333333,232284,3.7,2.3,0.25,3.7,9849,2.533333333,1.83,5.1,12646,8.2,6.573333333,16.5
01/05/2012 00:00,1.59132394,7.333333333,-29,212,93268.66667,2.2,-5619.333333,97602,42194,0.333333333,30.4,45074,-2.1,2.8,0.5,-1.4,1285012,3.033333333,2,1.1,1585.5,8.1,154.3333333,21.2,17.03333333,79.3,19.6,3465.533333,2.3,-37178.66667,4103.133333,185070,0.833333333,27.43333333,231041,3.7,1.7,0.25,3.1,9883.1,2.533333333,0.62,5,12660,8.2,6.573333333,16.1
01/06/2012 00:00,1.554362864,7.333333333,-29,443,93268.66667,2.1,-5619.333333,97602,40091,0.333333333,30.4,44509,-3.7,2.4,0.5,-3.2,1296023,3.033333333,1.4,1.5,1589.3,8,154.3333333,21.1,17.03333333,73.2,12.1,3465.533333,2.2,-37178.66667,4103.133333,185286,0.833333333,27.43333333,228746,3.5,1.7,0.25,3.3,9951,2.533333333,0.73,3.3,12692,8.2,6.573333333,16.3
01/07/2012 00:00,1.559792919,-2,-29,-275,93521.66667,2.3,-4999,97667.66667,42511,0.6,30.23333333,44139,-1,2.6,0.5,-0.5,1301564,3.066666667,1.3,1.3,1583.7,8.1,154,20.7,17.3,72.3,8.5,3474.7,2.1,-33408,4131.833333,184336,0.8,27.03333333,227706,3.3,1.4,0.25,2.6,10029.9,2.4,0.52,3.8,12656,8.2,6.593333333,16.3
01/08/2012 00:00,1.571551076,-2,-29,-114,93521.66667,2.1,-4999,97667.66667,41519,0.6,30.23333333,45675,-1.1,2.5,0.5,-1.7,1314475,3.066666667,1.7,1.7,1571.4,7.9,154,20.8,17.3,74.3,17.4,3474.7,1.9,-33408,4131.833333,183265,0.8,27.03333333,227372,2.3,1.7,0.25,2.1,10098.3,2.4,1.93,4.7,12471,8.1,6.593333333,16.7
01/09/2012 00:00,1.611454295,-2,-28,956,93521.66667,2.1,-4999,97667.66667,41519,0.6,30.23333333,43931,-4.3,2.2,0.5,-1.3,1318512,3.066666667,1.8,1.6,1571.3,7.9,154,20.5,17.3,78.3,9.8,3474.7,2,-33408,4131.833333,188647,0.8,27.03333333,228711,2.3,2,0.25,1.7,10180.6,2.4,2.13,4.7,12115,7.8,6.593333333,15.4
01/10/2012 00:00,1.608111746,-4,-30,-202,94110.66667,2.6,-6057,97251.66667,41297,0.433333333,30.03333333,44772,-5.1,2.7,0.5,-2.4,1325254,2.233333333,1.9,0,1579.8,7.9,154,20.6,16.66666667,82.6,17.7,3484.4,2,-33005.33333,4340.833333,182988,0.433333333,26.93333333,226029,1.9,2.2,0.25,0.9,10239.1,3.666666667,2.35,4,12124,7.8,6.63,16.1
01/11/2012 00:00,1.595256115,-4,-22,5,94110.66667,2.6,-6057,97251.66667,41098,0.433333333,30.03333333,44389,-3.5,2.7,0.5,-2.7,1332872,2.233333333,1.5,-0.1,1576.9,7.8,154,20.9,16.66666667,82.7,17.7,3484.4,1.9,-33005.33333,4340.833333,185747,0.433333333,26.93333333,232414,2.5,1.8,0.25,2,10299.1,3.666666667,1.46,4,12005,7.7,6.63,15.9
01/12/2012 00:00,1.613665107,-4,-29,1341,94110.66667,2.4,-6057,97251.66667,41475,0.433333333,30.03333333,44542,-2.9,2.7,0.5,-2.7,1335000,2.233333333,1.4,-0.1,1560.3,7.8,154,21.2,16.66666667,72.9,11.8,3484.4,1.9,-33005.33333,4340.833333,189591,0.433333333,26.93333333,227661,2.3,1.7,0.25,2.1,10423.6,3.666666667,1.36,4.5,12298,7.9,6.63,16.6
01/01/2013 00:00,1.596234284,0,-26,490,94171.33333,2.3,-5281.666667,94934,41900,0.5,29.76666667,43808,-3.5,2.7,0.5,-4.4,1345252,1.933333333,1.6,-1.5,1549.9,7.8,151.3333333,21,17.46666667,73.8,16.2,3500.766667,1.9,-31545.66667,4132.233333,188751,0.433333333,26.63333333,229794,1.6,1.6,0.25,0.9,10452.7,1.6,1.46,4.3,12470,8,6.67,16.8
01/02/2013 00:00,1.549182232,0,-26,575,94171.33333,2.3,-5281.666667,94934,42324,0.5,29.76666667,45002,-3.2,2.8,0.5,-3.5,1352604,1.933333333,1.7,0.2,1544.5,8,151.3333333,20.6,17.46666667,77.6,21.1,3500.766667,2,-31545.66667,4132.233333,190448,0.433333333,26.63333333,233066,1.9,2,0.25,1,10449.4,1.6,1.76,4.1,11954,7.7,6.67,16.2
01/03/2013 00:00,1.508597983,0,-26,490,94171.33333,2.4,-5281.666667,94934,44282,0.5,29.76666667,46065,-1.9,2.8,0.5,-1.7,1356207,1.933333333,1.5,-0.7,1530.5,7.8,151.3333333,20.4,17.46666667,78.6,10.4,3500.766667,1.9,-31545.66667,4132.233333,188248,0.433333333,26.63333333,224197,2.7,1.5,0.25,1.3,10519.8,1.6,1.13,3,11672,7.5,6.67,16.1
01/04/2013 00:00,1.531284561,1.666666667,-27,547,94424.33333,2,-4628.666667,97223.33333,44222,0.7,29.53333333,45728,-1.7,2.4,0.5,-1.5,1359771,2.366666667,1,-0.3,1510.6,7.8,155.6666667,21.2,17.53333333,76.4,10.2,3507.966667,1.7,-30180.33333,4176.133333,189485,0.333333333,26.53333333,228412,1.8,1.1,0.25,0.3,10553.4,1.8,0.51,3.1,11752,7.6,6.706666667,16.1
01/05/2013 00:00,1.529424164,1.666666667,-22,697,94424.33333,2.2,-4628.666667,97223.33333,43721,0.7,29.53333333,46644,-1.8,2.7,0.5,-2.4,1370380,2.366666667,1.2,1.6,1490,7.8,155.6666667,21.6,17.53333333,84.5,15.1,3507.966667,1.7,-30180.33333,4176.133333,188438,0.333333333,26.53333333,231277,1.7,1.4,0.25,1,10587.2,1.8,1.6,3.7,11657,7.5,6.706666667,16.2
01/06/2013 00:00,1.546884147,1.666666667,-21,610,94424.33333,2.3,-4628.666667,97223.33333,44575,0.7,29.53333333,47803,0.6,2.9,0.5,1.3,1375943,2.366666667,1.7,1.4,1462.3,7.7,155.6666667,21.3,17.53333333,84.1,11,3507.966667,1.6,-30180.33333,4176.133333,191198,0.333333333,26.53333333,227163,1.8,1.8,0.25,0.9,10639.9,1.8,2.28,5.1,11741,7.5,6.706666667,16.1
01/07/2013 00:00,1.517824224,2.333333333,-16,521,95151.66667,2,-6804.333333,97907,43587,0.566666667,29.4,46721,-2.1,2.8,0.5,-1.6,1382410,2.333333333,1.8,2.2,1428.5,7.7,155.3333333,21.2,18.46666667,85.1,14.5,3524.366667,1.7,-29569.66667,4212.066667,190614,0.566666667,26.53333333,228284,1,2,0.25,0,10700.7,1.766666667,2.07,5.3,11350,7.3,6.74,15.5
01/08/2013 00:00,1.550762832,2.333333333,-13,823,95151.66667,2,-6804.333333,97907,44265,0.566666667,29.4,46672,-2.2,2.7,0.5,-1,1387617,2.333333333,1.5,1.3,1393,7.7,155.3333333,21,18.46666667,82.1,15.3,3524.366667,1.8,-29569.66667,4212.066667,190719,0.566666667,26.53333333,228802,2.2,1.5,0.25,1.2,10754.5,1.766666667,1.38,3.9,11284,7.3,6.74,15.5
01/09/2013 00:00,1.587946138,2.333333333,-10,930,95151.66667,2.2,-6804.333333,97907,42381,0.566666667,29.4,46975,2.3,2.7,0.5,-0.3,1392149,2.333333333,1.2,1.8,1342.9,7.6,155.3333333,20.6,18.46666667,77.5,17.5,3524.366667,1.7,-29569.66667,4212.066667,190791,0.566666667,26.53333333,232108,2.7,1.2,0.25,1.4,10809.4,1.766666667,0.31,2.9,11264,7.2,6.74,15
01/10/2013 00:00,1.608433893,8,-11,519,95768,1.7,-8766,97116.33333,42176,0.8,29.23333333,48181,2.7,2.2,0.5,1.4,1398623,2.233333333,0.8,1,1298,7.4,156,20,18.66666667,73.2,17.6,3554.066667,1.7,-25218.66667,4208.266667,194342,0.9,26.33333333,232143,2.3,1,0.25,1.7,10920.4,1.566666667,0.31,3.4,11133,7.2,6.78,15
01/11/2013 00:00,1.611473738,8,-12,368,95768,1.8,-8766,97116.33333,41806,0.8,29.23333333,47864,1.5,2.1,0.5,1.1,1408479,2.233333333,0.8,1.2,1264,7.2,156,19.9,18.66666667,75.1,12.6,3554.066667,1.7,-25218.66667,4208.266667,195830,0.9,26.33333333,230681,2.1,1.2,0.25,0.9,10929.8,1.566666667,0.72,3.4,10792,6.9,6.78,14.2
01/12/2013 00:00,1.637808979,8,-13,1012,95768,1.7,-8766,97116.33333,42403,0.8,29.23333333,45417,1.5,2,0.5,1.1,1406893,2.233333333,1,4,1241.9,7.2,156,19.7,18.66666667,82.5,14.4,3554.066667,1.7,-25218.66667,4208.266667,194591,0.9,26.33333333,229405,2.1,1.5,0.25,0.1,10984.9,1.566666667,1.24,3.3,10410,6.7,6.78,13.5
01/01/2014 00:00,1.646055031,7,-7,715,95996.66667,1.6,-7034.666667,96378.33333,41647,0.866666667,29.1,46307,1.7,1.9,0.5,2.6,1429317,2.233333333,0.9,3.2,1220.7,7.2,153.6666667,19.2,18.33333333,81.2,18.8,3571.133333,1.6,-30423.66667,4283,194564,0.566666667,26.13333333,233540,1.7,1.6,0.25,-0.6,11037.5,1.8,1.2,1.6,10240,6.6,6.826666667,14.3
01/02/2014 00:00,1.65623084,7,-7,685,95996.66667,1.7,-7034.666667,96378.33333,41661,0.866666667,29.1,45642,2.2,1.7,0.5,3.7,1437669,2.233333333,0.6,3.1,1186,6.9,153.6666667,18.8,18.33333333,81.6,18.1,3571.133333,1.6,-30423.66667,4283,193642,0.566666667,26.13333333,235436,2.1,1.1,0.25,0,11118.5,1.8,0.9,1.8,10383,6.7,6.826666667,14.3
01/03/2014 00:00,1.662136112,7,-5,905,95996.66667,1.6,-7034.666667,96378.33333,42775,0.866666667,29.1,45877,1.9,1.6,0.5,2.7,1438636,2.233333333,0.4,3.9,1152.1,6.8,153.6666667,18.3,18.33333333,80,18.6,3571.133333,1.7,-30423.66667,4283,198684,0.566666667,26.13333333,240401,2.7,1.5,0.25,0.9,11161.3,1.8,1.4,3.8,10400,6.7,6.826666667,14.5
01/04/2014 00:00,1.674583881,11,-3,711,96450.66667,2,-5907,98523.66667,42515,1.033333333,28.93333333,45356,2.2,1.8,0.5,4.2,1445168,2.466666667,0.6,6.6,1119.9,6.6,156.6666667,17.3,18.46666667,84.1,23.7,3601.7,1.8,-29299,4333.566667,197822,0.9,26.06666667,242243,3,2,0.25,1.3,11217.4,1.933333333,2.1,5.1,9705,6.2,6.863333333,12.8
01/05/2014 00:00,1.683878036,11,0,958,96450.66667,1.6,-5907,98523.66667,43552,1.033333333,28.93333333,45179,1.6,1.5,0.5,2.5,1453692,2.466666667,0.5,3.6,1086.1,6.4,156.6666667,16.4,18.46666667,81.9,18.8,3601.7,2,-29299,4333.566667,199875,0.9,26.06666667,240723,3.3,2.1,0.25,1.3,11282.6,1.933333333,2,4.9,9740,6.3,6.863333333,13.2
01/06/2014 00:00,1.69285843,11,1,640,96450.66667,2,-5907,98523.66667,42512,1.033333333,28.93333333,44680,0.8,1.9,0.5,2,1460571,2.466666667,0.3,3.6,1043.1,6.3,156.6666667,16.2,18.46666667,82.5,15.7,3601.7,1.9,-29299,4333.566667,199153,0.9,26.06666667,238918,3.5,2.1,0.25,1.4,11330.7,1.933333333,1.9,4.6,9460,6.1,6.863333333,13.3
01/07/2014 00:00,1.706886926,6.333333333,-2,1087,97708.33333,1.8,-7109.333333,98213.66667,42773,1.033333333,28.8,46092,1.4,1.6,0.5,2.8,1466090,2.033333333,-0.1,2.6,1009.1,6.1,157.6666667,16,18.63333333,81.8,22,3636.633333,1.9,-30627,4362.166667,199490,1.066666667,26,239237,4.1,2,0.25,2.7,11405.8,1.9,1.7,4.2,9637,6.2,6.893333333,13.6
01/08/2014 00:00,1.669249103,6.333333333,1,947,97708.33333,1.9,-7109.333333,98213.66667,41046,1.033333333,28.8,43946,1.6,1.5,0.5,3.3,1472938,2.033333333,-0.3,3.8,972.1,6,157.6666667,16.3,18.63333333,82.5,16,3636.633333,1.7,-30627,4362.166667,199920,1.066666667,26,238065,3.3,1.7,0.25,1.3,11443.6,1.9,1.8,5.3,9616,6.2,6.893333333,13
01/09/2014 00:00,1.629143835,6.333333333,-1,946,97708.33333,1.5,-7109.333333,98213.66667,42879,1.033333333,28.8,45837,1.1,1.2,0.5,2.8,1476973,2.033333333,-0.5,2.2,947.8,6,157.6666667,16.6,18.63333333,84.6,16.6,3636.633333,1.7,-30627,4362.166667,197418,1.066666667,26,239485,3.1,1.7,0.25,1.2,11481.4,1.9,1.6,5.1,9255,5.9,6.893333333,13.7
01/10/2014 00:00,1.60661346,2.666666667,-2,1084,97556.33333,1.5,-8281.666667,99942.66667,43829,1.166666667,28.63333333,45423,1.3,1.3,0.5,2.1,1484641,2.333333333,-0.7,5,922.7,6,160,16.7,18.3,86.9,11.7,3681.733333,1.8,-34250.33333,4401.366667,200144,0.9,25.96666667,240772,3.2,1.7,0.25,1.1,11521.7,1.9,1.5,4.9,8964,5.7,6.91,12.7
01/11/2014 00:00,1.576381795,2.666666667,-2,916,97556.33333,1.2,-8281.666667,99942.66667,42921,1.166666667,28.63333333,45197,1.6,1,0.5,3.5,1488245,2.333333333,-0.6,6.7,898.2,5.9,160,16.2,18.3,88.8,15.6,3681.733333,1.7,-34250.33333,4401.366667,198017,0.9,25.96666667,237607,3.7,1.3,0,2,11564.7,1.9,1.4,5,9060,5.8,6.91,12.7
01/12/2014 00:00,1.562792992,2.666666667,-4,886,97556.33333,1.3,-8281.666667,99942.66667,43544,1.166666667,28.63333333,48341,0.9,0.5,0.5,2.6,1494566,2.333333333,-1.1,4.6,876.3,5.7,160,16,18.3,93.6,26.2,3681.733333,1.6,-34250.33333,4401.366667,197177,0.9,25.96666667,239813,3.2,0.8,0.25,1.6,11630.5,1.9,1.1,3.9,8718,5.6,6.91,12.4
01/01/2015 00:00,1.515098977,5,1,836,98291.66667,1.4,-7063,99859,43865,0.933333333,28.56666667,47127,1.2,0.3,0.5,1.2,1502229,2.033333333,-1.8,6.2,854,5.7,160.3333333,15.7,17.43333333,98.1,14.1,3715.1,1.6,-36009.66667,4434.866667,191774,1.266666667,25.7,233593,2.9,-0.1,0.25,2.3,11706.5,1.766666667,0,4.1,8962,5.7,6.963333333,12.2
01/02/2015 00:00,1.534095293,5,1,863,98291.66667,1.2,-7063,99859,43150,0.933333333,28.56666667,46675,0.9,0,0.5,0.9,1505491,2.033333333,-1.7,5,831.9,5.6,160.3333333,15.5,17.43333333,95.4,19,3715.1,1.7,-36009.66667,4434.866667,190110,1.266666667,25.7,226309,1.7,0,0.25,0.7,11826.3,1.766666667,-0.5,2.4,8663,5.5,6.963333333,11.9
01/03/2015 00:00,1.495938894,5,4,1423,98291.66667,1,-7063,99859,43927,0.933333333,28.56666667,46512,1.4,0,0.5,1.1,1511596,2.033333333,-1.7,4.5,814.4,5.6,160.3333333,15.5,17.43333333,93,22.7,3715.1,1.8,-36009.66667,4434.866667,191051,1.266666667,25.7,240092,0.5,-0.1,0.25,0.2,11845.7,1.766666667,-0.9,2.9,8538,5.4,6.963333333,12.3
01/04/2015 00:00,1.494452985,1,4,1207,98768,0.8,-5705,101323.6667,43219,0.8,28.56666667,45685,1.2,-0.1,0.5,-0.3,1514262,2.2,-1.7,3.8,805.1,5.5,160.6666667,15.5,17.66666667,95.9,20.8,3742.633333,1.8,-35498.66667,4450.833333,192593,1.1,26.36666667,233317,-0.1,-0.2,0.25,0.3,11895.9,1.933333333,-1.1,2,8521,5.4,7,11.6
01/05/2015 00:00,1.547184144,1,1,1063,98768,0.9,-5705,101323.6667,43649,0.8,28.56666667,45239,1.7,0.1,0.5,0.2,1518693,2.2,-1.6,4.3,797,5.6,160.6666667,15.6,17.66666667,90.7,18.1,3742.633333,1.7,-35498.66667,4450.833333,190972,1.1,26.36666667,230731,-0.8,0,0.25,0.1,11937.1,1.933333333,-0.8,2.7,8655,5.5,7,12.2
01/06/2015 00:00,1.558894342,1,7,1189,98768,0.8,-5705,101323.6667,43069,0.8,28.56666667,45088,1.6,0,0.5,-0.1,1537566,2.2,-1.5,4.1,797.5,5.6,160.6666667,15.2,17.66666667,96.1,24.7,3742.633333,1.8,-35498.66667,4450.833333,190685,1.1,26.36666667,233181,-1.4,0.1,0.25,-0.6,11982.4,1.933333333,-0.5,2.6,8251,5.3,7,12
01/07/2015 00:00,1.555556884,2.666666667,4,1495,99730.66667,1.2,-5360.666667,103120,41370,0.6,28.7,44960,0.7,0.1,0.5,-1.3,1543682,2.2,-1.6,4.2,791.6,5.5,161.3333333,14.6,16.7,93.1,18.2,3768.2,1.8,-38854.33333,4492.366667,190262,0.8,26.36666667,230706,-0.9,0.2,0.25,-0.2,12059.1,1.966666667,-0.7,3.1,8235,5.2,7.04,11.7
01/08/2015 00:00,1.557975829,2.666666667,7,1299,99730.66667,1,-5360.666667,103120,42150,0.6,28.7,44908,1.8,0,0.5,-0.8,1548500,2.2,-1.9,3.3,785.7,5.4,161.3333333,14.2,16.7,91.9,13.3,3768.2,1.8,-38854.33333,4492.366667,186924,0.8,26.36666667,231174,-0.9,0.2,0.25,0.1,12138.5,1.966666667,-1,2.3,8017,5.1,7.04,10.9
01/09/2015 00:00,1.534219531,2.666666667,3,1279,99730.66667,1,-5360.666667,103120,42640,0.6,28.7,44770,1.5,-0.1,0.5,-0.3,1556003,2.2,-1.8,6.2,781,5.3,161.3333333,13.7,16.7,87.2,27.5,3768.2,1.9,-38854.33333,4492.366667,187263,0.8,26.36666667,229325,-1.4,0,0.25,-0.2,12195,1.966666667,-1.1,2.5,7877,5,7.04,11.1
01/10/2015 00:00,1.534029304,-4,2,1208,100139.3333,1.1,-8615.666667,103069,42688,0.566666667,28.76666667,46609,1.8,-0.1,0.5,0,1568254,2.166666667,-1.5,4,777,5.2,163,13.5,15.96666667,90,15.4,3793.1,1.9,-34503,4551.466667,185501,0.666666667,26.4,227098,-1.7,0.2,0.25,0,12200.4,2.033333333,-1.4,1.9,7869,5,7.086666667,11.1
01/11/2015 00:00,1.518284212,-4,1,1377,100139.3333,1.2,-8615.666667,103069,43903,0.566666667,28.76666667,45472,0.6,0.1,0.5,-1.4,1573060,2.166666667,-1.6,4,771.7,5.1,163,13.4,15.96666667,91.3,18.7,3793.1,2,-34503,4551.466667,183854,0.666666667,26.4,224781,-3,0.5,0.25,-0.9,12288.1,2.033333333,-1.3,1.9,7939,5,7.086666667,11.2
01/12/2015 00:00,1.498918791,-4,2,1407,100139.3333,1.4,-8615.666667,103069,43816,0.566666667,28.76666667,44189,-0.3,0.2,0.5,-1.4,1582480,2.166666667,-1.4,2.4,769.6,5.1,163,13.5,15.96666667,92.6,6.9,3793.1,2.1,-34503,4551.466667,182919,0.666666667,26.4,224044,-3.3,0.7,0.5,-0.8,12330,2.033333333,-1.1,3.1,7927,5,7.086666667,11.2
01/01/2016 00:00,1.440279704,-1.333333333,4,1694,100870.6667,1.2,-8574.333333,103062.6667,43383,0.533333333,28.93333333,44837,0.4,0.3,0.5,-0.1,1588914,2.033333333,-1,5,762.4,5.1,163.6666667,13.5,17.23333333,92,16.7,3810.166667,2.2,-39736.66667,4573.1,178660,0.466666667,26.13333333,222070,-2,1.4,0.5,0.1,12418.3,2.066666667,0,2.8,7829,4.9,7.133333333,10.3
01/02/2016 00:00,1.430821803,-1.333333333,0,1356,100870.6667,1.2,-8574.333333,103062.6667,42923,0.533333333,28.93333333,46357,-0.2,0.3,0.5,-1.5,1599729,2.033333333,-1.1,4.3,756.7,5.1,163.6666667,13.3,17.23333333,91.7,13.4,3810.166667,2.3,-39736.66667,4573.1,180892,0.466666667,26.13333333,226182,-2.1,1,0.5,0.4,12472.8,2.066666667,0,3.9,7845,4.9,7.133333333,10.5
01/03/2016 00:00,1.425137769,-1.333333333,0,1919,100870.6667,1.5,-8574.333333,103062.6667,42729,0.533333333,28.93333333,47381,-0.1,0.5,0.5,-1.6,1556098,2.033333333,-0.7,3.7,769.2,5.1,163.6666667,13.2,17.23333333,91,24,3810.166667,2.2,-39736.66667,4573.1,179897,0.466666667,26.13333333,217277,-2.4,0.9,0.5,-0.1,12567.2,2.066666667,-0.1,2,7977,5,7.133333333,10.4
01/04/2016 00:00,1.430303341,-1.666666667,-3,1127,101610.6667,1.2,-6997.333333,103833.6667,45190,0.566666667,29.03333333,48597,2.2,0.3,0.5,1.3,1564427,1.966666667,-0.5,3.7,769,5,164.6666667,13.2,17.6,89,19.2,3845.9,2.1,-36066.66667,4647,181895,0.4,26.26666667,220317,-1.7,1.1,0.5,-0.2,12652.2,1.933333333,0,2.7,7910,5,7.176666667,10.8
01/05/2016 00:00,1.451485379,-1.666666667,-1,1659,101610.6667,1.2,-6997.333333,103833.6667,45166,0.566666667,29.03333333,46227,1.2,0.3,0.5,1.4,1571527,1.966666667,-0.5,5.6,772.9,4.9,164.6666667,13.4,17.6,94.7,20.9,3845.9,2.2,-36066.66667,4647,182166,0.4,26.26666667,223686,-1.5,1,0.5,-0.3,12733,1.933333333,-0.1,2.1,7451,4.7,7.176666667,10.4
01/06/2016 00:00,1.420771478,-1.666666667,-1,1839,101610.6667,1.4,-6997.333333,103833.6667,44738,0.566666667,29.03333333,48114,1.4,0.5,0.5,0.9,1583860,1.966666667,-0.2,3.8,778.8,4.9,164.6666667,13.4,17.6,93.5,14.5,3845.9,2.2,-36066.66667,4647,183770,0.4,26.26666667,227605,-0.8,1,0.5,0.2,12807.6,1.933333333,0.3,3.2,7799,4.9,7.176666667,10.7
01/07/2016 00:00,1.315192363,-15.66666667,-12,1395,102338,1.3,-8567,103488.6667,45284,0.666666667,29.4,48863,2.1,0.6,0.5,1.1,1598055,1.766666667,0.2,5.8,773.8,4.9,165.6666667,13.2,17.23333333,90,16.7,3872.7,2.2,-36756.66667,4702.4,185330,0.5,26.46666667,226624,-1.2,0.8,0.5,-0.3,12893.3,1.9,-0.2,2.2,7749,4.9,7.226666667,10.8
01/08/2016 00:00,1.309360862,-15.66666667,-7,1568,102338,1.3,-8567,103488.6667,45705,0.666666667,29.4,51168,0.9,0.6,0.25,1,1606165,1.766666667,0.8,6.6,776.8,4.9,165.6666667,12.8,17.23333333,89.8,25.1,3872.7,2.3,-36756.66667,4702.4,187385,0.5,26.46666667,228514,-1.3,1.1,0.5,-0.6,13005.8,1.9,0,2.1,7853,4.9,7.226666667,10.2
01/09/2016 00:00,1.314291114,-15.66666667,-1,1577,102338,1.5,-8567,103488.6667,45523,0.666666667,29.4,51278,0.5,1,0.25,0.6,1617602,1.766666667,1.2,4.3,779.9,4.8,165.6666667,12.8,17.23333333,91.2,17.9,3872.7,2.2,-36756.66667,4702.4,188123,0.5,26.46666667,226588,-1.2,1.5,0.5,-0.1,13070.6,1.9,0.7,3.2,7904,4.9,7.226666667,10.3
01/10/2016 00:00,1.233862408,-2.666666667,-3,1671,103056.3333,1.2,-4029.333333,103098.3333,48053,0.633333333,29.2,48741,-0.8,0.9,0.25,0,1624172,1.1,2.1,7.3,783.9,4.8,166.3333333,12.7,18.16666667,87.2,21,3900.7,2.1,-38002,4760.4,185599,0.6,26.5,228668,-0.8,1.6,0.5,-0.1,13137.5,1.5,0.8,4,7740,4.8,7.266666667,10.4
01/11/2016 00:00,1.246002703,-2.666666667,-8,1970,103056.3333,1.4,-4029.333333,103098.3333,49079,0.633333333,29.2,51403,2.3,1.2,0.25,1.8,1625798,1.1,2.4,5.5,790.9,4.8,166.3333333,12.5,18.16666667,93.8,24.5,3900.7,2.1,-38002,4760.4,184848,0.6,26.5,231221,-0.4,1.7,0.5,0.2,13223.2,1.5,1.3,3.7,7409,4.6,7.266666667,10.1
01/12/2016 00:00,1.247055145,-2.666666667,-7,1003,103056.3333,1.6,-4029.333333,103098.3333,49817,0.633333333,29.2,51650,4.3,1.6,0.25,4.2,1630801,1.1,2.9,3.8,786.8,4.8,166.3333333,12.2,18.16666667,98.2,11.8,3900.7,2.2,-38002,4760.4,189507,0.6,26.5,234114,0.8,2.1,0.75,0.7,13246.9,1.5,1.6,4,7529,4.7,7.266666667,10
01/01/2017 00:00,1.234085764,5,-5,1630,103452.3333,1.6,-5631.666667,101655.3333,49142,0.666666667,29.33333333,51778,3,1.8,0.25,2.5,1631373,0.566666667,3.6,1,768.4,4.7,167.3333333,12.3,19.06666667,98.5,15.1,3919.333333,2.3,-38927,4809.5,191698,0.666666667,26.23333333,240473,0,2.5,0.75,0.5,13270.1,1.766666667,1.6,5.6,7635,4.8,7.3,10.1
01/02/2017 00:00,1.24718434,5,-6,1440,103452.3333,2,-5631.666667,101655.3333,48690,0.666666667,29.33333333,51170,2.4,2.3,0.25,3,1630070,0.566666667,3.7,3.4,766,4.7,167.3333333,12.3,19.06666667,96.3,18.5,3919.333333,2.2,-38927,4809.5,192311,0.666666667,26.23333333,236818,0.4,2.7,0.75,1,13313.1,1.766666667,2.2,4.7,7528,4.7,7.3,9.9
01/03/2017 00:00,1.233992082,5,-6,1586,103452.3333,1.8,-5631.666667,101655.3333,50012,0.666666667,29.33333333,53735,1.4,2.3,0.25,2.2,1643309,0.566666667,3.7,1.9,789.3,4.6,167.3333333,12.2,19.06666667,96.9,14,3919.333333,2,-38927,4809.5,192218,0.666666667,26.23333333,237029,1.4,2.4,1,0.5,13390.6,1.766666667,2.3,4.8,7202,4.5,7.3,9.1
01/04/2017 00:00,1.264793382,0.333333333,-7,1517,107526.6667,2.4,-7727.333333,110182,49548,0.566666667,29.06666667,51555,-0.9,2.7,0.25,-0.2,1648754,1.966666667,3.6,4.1,800.9,4.6,168.6666667,12.3,19.26666667,97,12.8,3951.466667,1.9,-41045.66667,4788.233333,191569,0.733333333,26.06666667,238944,2,2.2,1,1.7,13435.6,1.266666667,2.5,4.5,7056,4.4,7.343333333,9.4
01/05/2017 00:00,1.291894235,0.333333333,-5,1763,107526.6667,2.6,-7727.333333,110182,49768,0.566666667,29.06666667,52596,-0.2,2.9,0.25,0.3,1652235,1.966666667,3.6,1,808.6,4.5,168.6666667,12.1,19.26666667,97.1,18.1,3951.466667,1.7,-41045.66667,4788.233333,192308,0.733333333,26.06666667,238703,2.1,1.9,1,1.3,13495.5,1.266666667,2.4,4.2,6861,4.3,7.343333333,8.8
01/06/2017 00:00,1.279045845,0.333333333,-10,1362,107526.6667,2.4,-7727.333333,110182,49715,0.566666667,29.06666667,52629,0.3,2.6,0.25,0.6,1659400,1.966666667,3.3,2.8,812,4.4,168.6666667,0,19.26666667,95.1,11.5,3951.466667,1.7,-41045.66667,4788.233333,194946,0.733333333,26.06666667,238489,2.1,1.6,1.25,1.3,13519.3,1.266666667,2,3.4,6977,4.4,7.343333333,9.1
01/07/2017 00:00,1.300416623,1.666666667,-12,1166,108198.3333,2.4,-7594.666667,110815,49631,0.5,0,52503,0,2.6,0.25,0,1661481,1.833333333,3.2,1.3,807.8,0,169.6666667,11.8,0,93.4,17.7,3974,1.7,-33533.33333,4821.666667,194381,0.766666667,26.16666667,238071,2.2,1.7,1.25,1.2,13602.2,1.033333333,1.9,4.2,6981,4.3,7.41,9
01/08/2017 00:00,1.295195215,1.666666667,-10,1583,108198.3333,0,-7594.666667,110815,50153,0.5,0,55779,1.6,0,0.25,2.8,1663597,1.833333333,0,0,0,4.3,169.6666667,11.8,0,96.8,13.1,0,0,0,0,0,0,0,0,0,0,1.25,0,13647,0,0,0,0,0,0,0
01/09/2017 00:00,1.333895333,1.666666667,0,1606,108198.3333,2.7,-7594.666667,110815,51581,0.5,0,54335,2.5,3,0.25,2.7,1669494,1.833333333,3.3,1.2,804,4.3,169.6666667,12,0,0,20.83,0,1.7,0,4821.666667,196816,0,0,240311,1.6,2.2,1.25,1,13692,0,2.6,4.4,0,0,0,9.1
01/09/2017 00:00,1.318831883,0,-10,1451,0,2.7,0,0,53669,0,0,55074,3.6,3,0,3.9,1670776,0,2.8,-0.3,806,4.3,510,12.2,0,0,20.83,0,0,0,4821.666667,0,0,0,0,0,0,0,0,0,0,0,0,0,0,0,0
01/09/2017 00:00,1.318831883,-3.666666667,0,1400,108565,2.7,0,0,52645,0.5,0,55449,2.5,3.1,0,3.5,2349357,0,3,1.6,818,4.3,170.6666667,12.4,0,0,0,0,0,0,4821.666667,0,0,0,0,0,0,0,0,0,0,0,0,0,0,0,0
01/10/2017 00:00,1.318831883,-3.666666667,-12,0,108565,0,0,0,0,0.5,0,0,0,0,0.5,0,0,0,0,0,0,0,170.6666667,0,19.9,101,20.52,4009.333333,1.8,0,4863,195907,0.833333333,0,244639,2.9,2,0,2.5,13747,0.8,2.8,4.6,6520,4.1,7.433333333,9
01/11/2017 00:00,1.323518077,-3.666666667,-13,1520,108565,2.5,0,0,52119,0.5,0,57015,0,3,0.5,1.4,2347170,0,3.3,1.4,832,4.4,170.6666667,0,19.9,97.8,27.95,4009.333333,1.7,0,4863,200222,0.833333333,0,250719,3.4,2.2,1.25,2.4,13785,0.8,3.1,5.8,6610,4.1,7.433333333,9.6
01/12/2017 00:00,1.341096277,4.333333333,-9,1357,0,2.7,0,0,53650,0,0,56724,1.6,3,0.5,2.7,2360602,0,2.8,1.6,823,0,0,0,19.9,96.8,18.45,4009.333333,1.8,0,4863,203351,0.833333333,0,256469,3.6,2.1,1.5,2.4,13844,0.8,2.6,5.4,6576,4.1,7.433333333,8.9
01/01/2018 00:00,1.378275793,4.333333333,-10,0,0,0,0,0,0,0,0,0,0,0,0.5,0,0,0,0,0,0,0,0,0,0,94.4,13.91,0,1.8,0,0,200910,0,0,257510,3.7,2.1,1.5,1.8,13838,0,2.7,3.6,6684,4.1,0,9.2
01/02/2018 00:00,1.398279602,4.333333333,0,0,0,0,0,0,0,0,0,0,0,0,0,0,0,0,0,0,0,0,0,0,0,99.9,0,0,1.8,0,0,0,0,0,0,0,2.2,1.5,0,0,0,2.8,4,6706,4.1,0,0